id;zh;en;ja;ko;es;fr;de;ru;hi;vi;th
TITLE;我的世界2D版;Flat Minecraft;フラットマインクラフト;플랫 마인크래프트;Minecraft Plano;Minecraft Plat;Flaches Minecraft;Плоский Minecraft;फ्लैट माइनक्राफ्ट;Minecraft Phẳng;ไมน์คราฟต์แบบแบน
AUTHOR;薄言EZ;HiBoranez;HiBoranez;HiBoranez;HiBoranez;HiBoranez;HiBoranez;HiBoranez;HiBoranez;HiBoranez;HiBoranez
RELEASE_NOTE;版本说明;Release Note;リリースノート;릴리즈 노트;Notas de versión;Notes de version;Versionshinweis;Примечания к выпуску;रिलीज नोट;Ghi chú phát hành;บันทึกประจำรุ่น
START_GAME;开始游戏;start game;ゲーム開始;게임 시작;Iniciar juego;Commencer le jeu;Spiel starten;Начать игру;खेल शुरू करें;Bắt đầu trò chơi;เริ่มเกม
VERSION_SELECT;版本选择;version select;バージョン選択;버전 선택;Selección de versión;Sélection de version;Version auswählen;Выбор версии;संस्करण चयन;Chọn phiên bản;เลือกเวอร์ชัน
HELP;帮助;Help;ヘルプ;도움말;Ayuda;Aide;Hilfe;Помощь;मदद;Trợ giúp;ความช่วยเหลือ
VERSION;版本;version;バージョン;버전;Versión;Version;Version;Версия;संस्करण;Phiên bản;เวอร์ชัน00
REQUIRED_VERSION;所需版本;required version;必要バージョン;필요 버전;versión requerida;version requise;erforderliche Version;требуемая версия;आवश्यक संस्करण;phiên bản yêu cầu;เวอร์ชันที่ต้องการ
SINGLE_MODE;单人模式;single-player;シングルプレイ;싱글 플레이;un jugador;un joueur;Einzelspieler;одиночная игра;सिंगल-प्लेयर;chơi đơn;โหมดผู้เล่นเดี่ยว
MULTI_MODE;多人模式;multi-player;マルチプレイ;멀티 플레이;multijugador;multijoueur;Mehrspieler;мультиплеер;मल्टी-प्लेयर;chơi nhiều người;โหมดผู้เล่นหลายคน
LANGUAGES;语言;language;言語;언어;idioma;langue;Sprache;язык;भाषा;ngôn ngữ;ภาษา
ACHIEVEMENT;成就;achievement;実績;업적;logro;succès;Erfolg;достижение;उपलब्धि;thành tích;ความสำเร็จ
ACHIEVEMENT_TITLE;成就;Achievement;実績;업적;Logro;Succès;Erfolg;Достижение;उपलब्धि;Thành Tựu;ความสำเร็จ
RESOURCE_PACK;资源包;resource pack;リソースパック;리소스 팩;paquete de recursos;pack de ressources;Ressourcenpaket;ресурс-пак;संसाधन पैक;gói tài nguyên;ชุดทรัพยากร
QUIT_GAME;退出游戏;quit game;ゲーム終了;게임 종료;salir del juego;quitter le jeu;Spiel verlassen;выйти из игры;खेल छोड़ें;thoát trò chơi;ออกจากเกม
CHANGE_SKIN;更换皮肤;change skin;スキン変更;스킨 변경;cambiar skin;changer de skin;Skin ändern;сменить скин;स्किन बदलें;đổi skin;เปลี่ยนสกิน
CLEAR_SKIN;清除皮肤;clear skin;スキン消去;스킨 지우기;borrar skin;effacer le skin;Skin löschen;очистить скин;स्किन हटाएं;xóa skin;ลบสกิน
OFFICIAL_OLD;官方旧版;official old;公式旧版;공식 구버전;versión antigua oficial;ancienne version officielle;offizielle alte Version;официальная старая версия;आधिकारिक पुराना संस्करण;phiên bản cũ chính thức;เวอร์ชันเก่าทางการ
OFFICIAL_NEW;官方新版;official new;公式新版;공식 신버전;versión nueva oficial;nouvelle version officielle;offizielle neue Version;официальная новая версия;आधिकारिक नया संस्करण;phiên bản mới chính thức;เวอร์ชันใหม่ทางการ
CONFIRM;确定;confirm;確認;확인;confirmar;confirmer;bestätigen;подтвердить;पुष्टि करें;xác nhận;ยืนยัน  
UNKNOWN;未知;unknown;不明;알 수 없음;desconocido;inconnu;unbekannt;неизвестно;अज्ञात;không xác định;ไม่ทราบ  
BLOCKS;方块;Blocks;ブロック;블록;bloques;blocs;Blöcke;блоки;ब्लॉक्स;khối;บล็อก  
ITEMS;物品;Items;アイテム;아이템;objetos;objets;Gegenstände;предметы;आइटम;vật phẩm;ไอเทม  
CONNECTION_INTERRUPTED;连接中断;connection interrupted;接続中断;연결 끊김;conexión interrumpida;connexion interrompue;Verbindung unterbrochen;соединение прервано;कनेक्शन बाधित;kết nối bị gián đoạn;การเชื่อมต่อขาด  
DO_NOT_SHOW_AGAIN;不再显示;do not show again;再表示しない;다시 보지 않기;no mostrar de nuevo;ne plus afficher;nicht mehr anzeigen;больше не показывать;दोबारा न दिखाएं;không hiển thị lại;ไม่แสดงอีก  
OPEN_TO_LAN;对局域网开放;open to lan;LAN開放;LAN 오픈;abrir a LAN;ouvrir en LAN;für LAN öffnen;открыть для LAN;LAN के लिए खोलें;mở cho mạng LAN;เปิดให้ LAN  
BACK_TO_MENU;返回菜单;back to menu;メニューに戻る;메뉴로 돌아가기;volver al menú;retour au menu;zurück zum Menü;вернуться в меню;मेनू पर वापस जाएं;trở lại menu;กลับสู่เมนู  
CONTINUE_GAME;继续游戏;continue game;ゲーム続行;게임 계속하기;continuar juego;continuer le jeu;Spiel fortsetzen;продолжить игру;खेल जारी रखें;tiếp tục trò chơi;เล่นเกมต่อ  
YOU_DIED;你死了;you died;死亡;사망;has muerto;tu es mort;du bist gestorben;ты умер;तुम मर गए;bạn đã chết;คุณตายแล้ว  
RESPAWN;重生;respawn;リスポーン;리스폰;reaparecer;réapparaître;wiederbeleben;возродиться;पुनर्जन्म;hồi sinh;เกิดใหม่  
SETTINGS;设置;settings;設定;설정;opciones;options;Einstellungen;настройки;विकल्प;tùy chọn;ตัวเลือก  
DISCONNECT;断开连接;disconnect;切断;연결 끊기;desconectar;déconnecter;trennen;отключиться;डिस्कनेक्ट;ngắt kết nối;ตัดการเชื่อมต่อ  
SAVE_AND_QUIT;保存并退出;save and quit;保存して終了;저장 후 종료;guardar y salir;sauvegarder et quitter;speichern und beenden;сохранить и выйти;सहेजें और बाहर निकलें;lưu và thoát;บันทึกและออก  
PLAYER_NAME;玩家名;player name;プレイヤー名;플레이어 이름;nombre del jugador;nom du joueur;Spielername;имя игрока;खिलाड़ी का नाम;tên người chơi;ชื่อผู้เล่น  
RENDER_CHUNK;渲染距离;render distance;描画距離;렌더링 거리;distancia de renderizado;distance de rendu;Renderdistanze;дистанция рендеринга;प्रदर्शन दूरी;khoảng cách kết xuất;ระยะเรนเดอร์
FOV_ZOOM;视野缩放;zoom of viewing field;視野ズーム;시야 확대/축소;zoom de campo visual;zoom du champ de vision;Sichtfeld-Zoom;FOV;दृश्य क्षेत्र ज़ूम;phóng to tầm nhìn;ซูมมุมมอง  
BGM_VOLUME;背景音乐;bgm volume;BGM音量;BGM 볼륨;volumen de música;volume de la musique;Hintergrundmusik-Lautstärke;ромкость BGM;बीजीएम वॉल्यूम;âm lượng nhạc nền;ระดับเสียงเพลง  
SOUND_VOLUME;游戏音效;sound volume;効果音音量;효과음 볼륨;volumen de sonido;volume du son;Soundlautstärke;громкость звуков;ध्वनि वॉल्यूम;âm lượng hiệu ứng;ระดับเสียงเอฟเฟกต์  
TIP_0;按F键可以切换交互方块图层哦;Press the F key to switch between interactive block layers;Fキーでインタラクティブブロックのレイヤーを切り替えられます;F 키로 상호작용 블록 레이어 전환;Presiona F para cambiar entre capas de bloques interactivos;Appuyez sur F pour basculer entre les couches de blocs interactifs;Drücke F, um zwischen interaktiven Blockebenen zu wechseln;Нажмите F для переключения слоев интерактивных блоков;F दबाकर इंटरैक्टिव ब्लॉक परतों को बदलें;Nhấn F để chuyển đổi giữa các lớp khối tương tác;กด F เพื่อสลับเลเยอร์บล็อกแบบโต้ตอบ  
TIP_1;直接点击实体可以用手攻击，但有冷却时间;Click on entities to attack them with your hands, but there is a cooldown period;エンティティを直接クリックで手攻撃可能（クールダウンあり）;엔티티 클릭으로 손 공격 가능 (쿨타임 있음);Haz clic en entidades para atacarlas con tus manos, pero hay un tiempo de espera;Cliquez sur les entités pour les attaquer à mains nues, mais il y a un délai de récupération;Klicke auf Entitäten, um sie mit den Händen anzugreifen, aber es gibt eine Abklingzeit;Кликните по существам, чтобы атаковать их руками, но есть время перезарядки;इकाइयों पर हाथ से हमला करने के लिए क्लिक करें, लेकिन कोल्डाउन अवधि है;Nhấp vào thực thể để tấn công bằng tay, nhưng có thời gian hồi chiêu;คลิกที่สิ่งมีชีวิตเพื่อโจมตีด้วยมือ แต่มีเวลาคูลดาวน์  
SEED_TEXT;种子 (留空随机);seed (empty for random);シード (空白でランダム);시드 (공란 시 랜덤);semilla (vacío para aleatorio);graine (vide pour aléatoire);Seed (leer für zufällig);сид (пусто для случайного);बीज (यादृच्छिक के लिए खाली);hạt giống (để trống cho ngẫu nhiên);เมล็ดพันธุ์ (ว่างสำหรับสุ่ม)  
WORLD_TYPE;世界类型;world type;ワールドタイプ;월드 유형;tipo de mundo;type de monde;Welttyp;тип мира;दुनिया का प्रकार;loại thế giới;ประเภทโลก  
DEFAULT;默认;default;デフォルト;기본;predeterminado;par défaut;Standard;по умолчанию;डिफ़ॉल्ट;mặc định;ค่าเริ่มต้น  
FLAT;超平坦;flat;フラット;플랫;plano;plat;flach;плоский;सपाट;phẳng;แบน  
GAMEMODE;游戏模式;gamemode;ゲームモード;게임 모ード;modo de juego;mode de jeu;Spielmodus;игровой режим;गेम मोड;chế độ trò chơi;โหมดเกม  
SURVIVAL;生存;survival;サバイバル;생존;supervivencia;survie;Überleben;выживание;सर्वाइवल;sinh tồn;เอาชีวิตรอด  
CREATIVE;创造;creative;クリエイティブ;크리에이티브;creativo;créatif;Kreativ;творческий;क्रिएटिव;sáng tạo;สร้างสรรค์ 
BLOCK_SELECTION_BOX;选中框;selection box;選択枠;선택 상자;cuadro de selección;boîte de sélection;Auswahlrahmen;рамка выбора;चयन बॉक्स;khung chọn;กล่องเลือก
ALWAYS_SHOW;总是显示;always show;常に表示;항상 표시;mostrar siempre;toujours afficher;immer anzeigen;всегда показывать;हमेशा दिखाएं;luôn hiển thị;แสดงเสมอ
SHOW_WHEN_CHANGING;变动时显示;show when changing;変更時表示;변경 시 표시;mostrar al cambiar;afficher lors du changement;bei Änderung anzeigen;показывать при изменении;बदलते समय दिखाएं;hiển thị khi thay đổi;แสดงเมื่อมีการเปลี่ยนแปลง
NEVER_SHOW;从不显示;never show;表示しない;표시 안 함;nunca mostrar;ne jamais afficher;nie anzeigen;никогда не показывать;कभी न दिखाएं;không bao giờ hiển thị;ไม่แสดงเลย
WORLD_NAME;世界名;world name;ワールド名;월드 이름;nombre del mundo;nom du monde;Weltname;название мира;दुनिया का नाम;tên thế giới;ชื่อโลก
DEFAULT_WORLD_NAME;新的世界;new world;新しい世界;새로운 세계;mundo nuevo;nouveau monde;neue Welt;новый мир;नई दुनिया;thế giới mới;โลกใหม่
DEFAULT_SERVER_NAME;新的服务器;new server;新しいサーバー;새로운 서버;servidor nuevo;nouveau serveur;neuer Server;новый сервер;नया सर्वर;máy chủ mới;เซิร์ฟเวอร์ใหม่
SERVER_NAME;服务器名;server name;サーバー名;서버 이름;nombre del servidor;nom du serveur;Servername;название сервера;सर्वर का नाम;tên máy chủ;ชื่อเซิร์ฟเวอร์
SERVER_IP;服务器 ip;server ip;サーバーIP;서버 IP;IP del servidor;IP du serveur;Server-IP;IP сервера;सर्वर आईपी;IP máy chủ;ไอพีเซิร์ฟเวอร์
SERVER_PORT;服务器端口;server port;サーバーポート;서버 포트;puerto del servidor;port du serveur;Server-Port;порт сервера;सर्वर पोर्ट;cổng máy chủ;พอร์ตเซิร์ฟเวอร์
OPENING_PORT;正在开放端口...;opening port...;ポート開放中...;포트 개방 중...;abriendo puerto...;ouverture du port...;öffne Port...;открытие порта...;पोर्ट खोल रहा है...;đang mở cổng...;กำลังเปิดพอร์ต...
OPEN_SERVER_FAIL_1;服务器在 ip ;server opening failed on ;サーバーのIP ;서버 오픈 실패 IP ;fallo al abrir servidor en ;échec d'ouverture du serveur sur ;Server-Öffnung fehlgeschlagen auf ;ошибка открытия сервера на ;सर्वर खोलने में विफल ;máy chủ mở thất bại tại ;เปิดเซิร์ฟเวอร์ล้มเหลวที่ 
OPEN_SERVER_FAIL_2; 开放失败，请稍后重试; please try later; で開放失敗、後で再試行してください; 에서 실패, 나중에 다시 시도하십시오; , por favor intente más tarde; , veuillez réessayer plus tard; , bitte später versuchen; , попробуйте позже; , कृपया बाद में पुनः प्रयास करें; thất bại, vui lòng thử lại sau; เปิดไม่สำเร็จ โปรดลองใหม่ในภายหลัง
OPEN_SERVER_SUCCESS;服务器已开放在 ;server opened on ;サーバーが で開放されました;서버가 에서 열렸습니다;servidor abierto en ;serveur ouvert sur ;Server geöffnet auf ;сервер открыт на ;सर्वर पर खोला गया ;máy chủ đã mở tại ;เซิร์ฟเวอร์เปิดที่ 
JOINED_GAME; 加入了游戏; joined the game; がゲームに参加しました; 가 게임에 참여했습니다; se unió al juego; a rejoint le jeu; ist dem Spiel beigetreten; присоединился к игре; खेल में शामिल हो गया; đã tham gia trò chơi; เข้าร่วมเกม
LEFT_GAME; 退出了游戏; left the game; がゲームを退出しました; 가 게임에서 나갔습니다; salió del juego; a quitté le jeu; hat das Spiel verlassen; вышел из игры; खेल छोड़ दिया; đã rời khỏi trò chơi; ออกจากเกม
SERVER_CLOSED;服务器已关闭;Server closed;サーバーが閉じられました;서버가 닫혔습니다;Servidor cerrado;Serveur fermé;Server geschlossen;Сервер закрыт;सर्वर बंद;Máy chủ đã đóng;เซิร์ฟเวอร์ปิดแล้ว
CONNECTION_TIMEOUT;连接超时;Connection timeout;接続タイムアウト;연결 시간 초과;Tiempo de conexión agotado;Délai de connexion dépassé;Verbindungstimeout;Тайм-аут соединения;कनेक्शन समय समाप्त;Hết thời gian kết nối;การเชื่อมต่อหมดเวลา
SAME_PLAYER_NAME;相同名称的玩家已在线;Another player with your name is already online;同じ名前のプレイヤーが既にオンラインです;같은 이름의 플레이어가 이미 온라인 상태입니다;Ya hay otro jugador con tu nombre en línea;Un autre joueur avec votre nom est déjà en ligne;Ein anderer Spieler mit deinem Namen ist bereits online;Игрок с таким именем уже онлайн;आपके नाम वाला एक अन्य खिलाड़ी पहले से ही ऑनलाइन है;Đã có người chơi khác cùng tên trực tuyến;มีผู้เล่นชื่อเดียวกับคุณออนไลน์อยู่แล้ว
VERSION_CONFLICT;服务器版本与游戏版本冲突;Server version and game version conflict;サーバーバージョンとゲームバージョンが衝突しています;서버 버전과 게임 버전이 충돌합니다;Conflicto entre la versión del servidor y la del juego;Conflit entre la version du serveur et celle du jeu;Konflikt zwischen Server- und Spielversion;Конфликт версий сервера и игры;सर्वर संस्करण और गेम संस्करण संघर्ष;Xung đột phiên bản máy chủ và trò chơi;ความขัดแย้งระหว่างเวอร์ชันเซิร์ฟเวอร์และเกม
PLAYER_NAME_EXCEED;玩家名称长度超过限制;Player name length exceeds the limit;プレイヤー名の長さが制限を超えています;플레이어 이름 길이가 제한을 초과했습니다;La longitud del nombre del jugador excede el límite;La longueur du nom du joueur dépasse la limite;Spielername überschreitet Längenbegrenzung;Длина имени игрока превышает лимит;खिलाड़ी का नाम सीमा से अधिक है;Độ dài tên người chơi vượt quá giới hạn;ความยาวชื่อผู้เล่นเกินขีดจำกัด
PLAYER_NAME_SPACE;玩家名称包含空格;Player name contains spaces;プレイヤー名にスペースが含まれています;플레이어 이름에 공백이 포함되어 있습니다;El nombre del jugador contiene espacios;Le nom du joueur contient des espaces;Spielername enthält Leerzeichen;Имя игрока содержит пробелы;खिलाड़ी के नाम में रिक्त स्थान हैं;Tên người chơi chứa khoảng trắng;ชื่อผู้เล่นมีช่องว่าง
LOADING_SCENE;加载场景中;Loading scene;シーン読み込み中;씬 로드 중;Cargando escena;Chargement de la scène;Szene wird geladen;Загрузка сцены;दृश्य लोड हो रहा है;Đang tải cảnh;กำลังโหลดฉาก
LOADING_TERRAIN;加载地形中;Loading terrain;地形読み込み中;지형 로드 중;Cargando terreno;Chargement du terrain;Gelände wird geladen;Загрузка ландшафта;भूभाग लोड हो रहा है;Đang tải địa hình;กำลังโหลดภูมิประเทศ
CONNECTING_SERVER;连接服务器中;Connecting server;サーバー接続中;서버 연결 중;Conectando al servidor;Connexion au serveur;Verbinde mit Server;Подключение к серверу;सर्वर से कनेक्ट हो रहा है;Đang kết nối máy chủ;กำลังเชื่อมต่อเซิร์ฟเวอร์
CONNECTION_SUCCESS;连接成功，正在加入服务器;Connection success, joining server;接続成功、サーバーに参加中;연결 성공, 서버 참여 중;Conexión exitosa, uniéndose al servidor;Connexion réussie, rejoindre le serveur;Verbindung erfolgreich, betrete Server;Успешное подключение, присоединение к серверу;कनेक्शन सफल, सर्वर में शामिल हो रहा है;Kết nối thành công, đang tham gia máy chủ;เชื่อมต่อสำเร็จ กำลังเข้าร่วมเซิร์ฟเวอร์
CONNECTION_FAIL;连接失败;Connection failed;接続失敗;연결 실패;Conexión fallida;Échec de la connexion;Verbindungsfehler;Ошибка подключения;कनेक्शन विफल;Kết nối thất bại;การเชื่อมต่อล้มเหลว
COMPLETED;完成！;Completed!;完了！;완료！;¡Completado!;Terminé!;Abgeschlossen!;Завершено!;पूर्ण！;Hoàn tất!;เสร็จสิ้น！
SEARCHING;搜索中;searching;検索中;검색 중;Buscando;Recherche;Suche;Поиск;खोज रहा है;Đang tìm kiếm;กำลังค้นหา
CANNOT_CONNECT;无法连接;cannot connect;接続できません;연결할 수 없음;No se puede conectar;Impossible de se connecter;Kann nicht verbinden;Не удается подключиться;कनेक्ट नहीं कर सकते;Không thể kết nối;ไม่สามารถเชื่อมต่อ
SEARCHING_LAN;正在你的本地网络中寻找游戏;searching for servers on your local network;ローカルネットワークでゲームを検索中;로컬 네트워크에서 게임 검색 중;Buscando juegos en tu red local;Recherche de jeux sur votre réseau local;Suche nach Spielen im lokalen Netzwerk;Поиск игр в локальной сети;आपके स्थानीय नेटवर्क पर खेल खोज रहा है;Đang tìm trò chơi trên mạng cục bộ;กำลังค้นหาเกมในเครือข่ายท้องถิ่น
S_SERVER;的服务器;'s server;のサーバー;의 서버;servidor de;serveur de;Server von;сервер;का सर्वर;máy chủ của;เซิร์ฟเวอร์ของ
MODIFY;修改;modify;変更;수정;Modificar;Modifier;Ändern;Изменить;संशोधित करें;Sửa đổi;แก้ไข
CLOSE;关闭;close;閉じる;닫기;Cerrar;Fermer;Schließen;Закрыть;बंद करें;Đóng;ปิด
BACK;返回;back;戻る;돌아가기;Atrás;Retour;Zurück;Назад;वापस;Quay lại;กลับ
CANCEL;取消;cancel;キャンセル;취소;Cancelar;Annuler;Abbrechen;Отмена;रद्द करें;Hủy;ยกเลิก
SAVE;保存;save;保存;저장;Guardar;Sauvegarder;Speichern;Сохранить;सहेजें;Lưu;บันทึก
WARNING;警告;Warning;警告;경고;Advertencia;Avertissement;Warnung;Предупреждение;चेतावनी;Cảnh báo;คำเตือน
WARNING_1;您输入的世界名已存在，请更换后再试;The world name you entered is existed, please try another one;入力したワールド名は既に存在します、別の名前をお試しください;입력한 월드 이름이 이미 존재합니다, 다른 이름을 사용해 주세요;El nombre del mundo que ingresaste ya existe, prueba con otro;Le nom du monde que vous avez entré existe déjà, veuillez en essayer un autre;Der eingegebene Weltname existiert bereits, bitte versuchen Sie einen anderen;Введенное вами название мира уже существует, попробуйте другое;आपके द्वारा दर्ज किया गया विश्व नाम पहले से मौजूद है, कृपया कोई अन्य प्रयास करें;Tên thế giới bạn nhập đã tồn tại, vui lòng thử tên khác;ชื่อโลกที่คุณป้อนมีอยู่แล้ว โปรดลองชื่ออื่น
WARNING_2;玩家名不可为空，请输入后再试;Player name can not be empty, please enter one;プレイヤー名は空にできません、入力してください;플레이어 이름은 비울 수 없습니다, 입력해 주세요;El nombre del jugador no puede estar vacío, ingresa uno;Le nom du joueur ne peut pas être vide, veuillez en entrer un;Der Spielername darf nicht leer sein, bitte geben Sie einen ein;Имя игрока не может быть пустым, введите его;खिलाड़ी का नाम खाली नहीं हो सकता, कृपया एक दर्ज करें;Tên người chơi không được để trống, vui lòng nhập tên;ชื่อผู้เล่นไม่สามารถเว้นว่างได้ โปรดป้อนชื่อ
WARNING_3;世界名不可为空，请输入后再试;World name can not be empty, please enter one;ワールド名は空にできません、入力してください;월드 이름은 비울 수 없습니다, 입력해 주세요;El nombre del mundo no puede estar vacío, ingresa uno;Le nom du monde ne peut pas être vide, veuillez en entrer un;Der Weltname darf nicht leer sein, bitte geben Sie einen ein;Название мира не может быть пустым, введите его;विश्व का नाम खाली नहीं हो सकता, कृपया एक दर्ज करें;Tên thế giới không được để trống, vui lòng nhập tên;ชื่อโลกไม่สามารถเว้นว่างได้ โปรดป้อนชื่อ
WARNING_4;服务器名不可为空，请输入后再试;Server name can not be empty, please enter one;サーバー名は空にできません、入力してください;서버 이름은 비울 수 없습니다, 입력해 주세요;El nombre del servidor no puede estar vacío, ingresa uno;Le nom du serveur ne peut pas être vide, veuillez en entrer un;Der Servername darf nicht leer sein, bitte geben Sie einen ein;Название сервера не может быть пустым, введите его;सर्वर का नाम खाली नहीं हो सकता, कृपया एक दर्ज करें;Tên máy chủ không được để trống, vui lòng nhập tên;ชื่อเซิร์ฟเวอร์ไม่สามารถเว้นว่างได้ โปรดป้อนชื่อ
WARNING_5;您输入的服务器名已存在，请更换后再试;The server name you entered is existed, please try another one;入力したサーバー名は既に存在します、別の名前をお試しください;입력한 서버 이름이 이미 존재합니다, 다른 이름을 사용해 주세요;El nombre del servidor que ingresaste ya existe, prueba con otro;Le nom du serveur que vous avez entré existe déjà, veuillez en essayer un autre;Der eingegebene Servername existiert bereits, bitte versuchen Sie einen anderen;Введенное вами название сервера уже существует, попробуйте другое;आपके द्वारा दर्ज किया गया सर्वर नाम पहले से मौजूद है, कृपया कोई अन्य प्रयास करें;Tên máy chủ bạn nhập đã tồn tại, vui lòng thử tên khác;ชื่อเซิร์ฟเวอร์ที่คุณป้อนมีอยู่แล้ว โปรดลองชื่ออื่น
WARNING_6;服务器 ip不可为空，请输入后再试;Server ip can not be empty, please enter one;サーバーIPは空にできません、入力してください;서버 IP는 비울 수 없습니다, 입력해 주세요;La IP del servidor no puede estar vacía, ingresa una;L'IP du serveur ne peut pas être vide, veuillez en entrer une;Die Server-IP darf nicht leer sein, bitte geben Sie eine ein;IP сервера не может быть пустым, введите его;सर्वर आईपी खाली नहीं हो सकता, कृपया एक दर्ज करें;IP máy chủ không được để trống, vui lòng nhập IP;ไอพีเซิร์ฟเวอร์ไม่สามารถเว้นว่างได้ โปรดป้อนไอพี
WARNING_7;服务器端口不可为空，请输入后再试;Server port can not be empty, please enter one;サーバーポートは空にできません、入力してください;서버 포트는 비울 수 없습니다, 입력해 주세요;El puerto del servidor no puede estar vacío, ingresa uno;Le port du serveur ne peut pas être vide, veuillez en entrer un;Der Server-Port darf nicht leer sein, bitte geben Sie einen ein;Порт сервера не может быть пустым, введите его;सर्वर पोर्ट खाली नहीं हो सकता, कृपया एक दर्ज करें;Cổng máy chủ không được để trống, vui lòng nhập cổng;พอร์ตเซิร์ฟเวอร์ไม่สามารถเว้นว่างได้ โปรดป้อนพอร์ต
WARNING_8;该世界版本高于您使用的版本，请换更换世界进行游戏;This world version is higher than the version you are using, please change the world to play the game.;このワールドのバージョンが使用中のバージョンより高いです、別のワールドに変更してください;이 월드 버전이 현재 사용 중인 버전보다 높습니다, 다른 월드로 변경해 주세요;La versión de este mundo es superior a la que estás usando, cambia de mundo para jugar;La version de ce monde est supérieure à celle que vous utilisez, veuillez changer de monde pour jouer;Diese Weltversion ist höher als die von Ihnen verwendete Version, bitte wechseln Sie die Welt, um zu spielen;Версия этого мира выше используемой вами, смените мир для игры;इस दुनिया का संस्करण आपके द्वारा उपयोग किए जा रहे संस्करण से अधिक है, कृпया खेलने के लिए दुनिया बदलें;Phiên bản thế giới này cao hơn phiên bản bạn đang sử dụng, vui lòng đổi thế giới để chơi;เวอร์ชันโลกนี้สูงกว่าที่คุณใช้อยู่ โปรดเปลี่ยนโลกเพื่อเล่นเกม
WARNING_9;玩家名最大长度为16，请检查后再试;Maximum length of player name is 16, please check and try again;プレイヤー名の最大長は16です、確認して再試行してください;플레이어 이름 최대 길이는 16자 입니다, 확인 후 다시 시도해 주세요;La longitud máxima del nombre del jugador es 16, verifica e inténtalo de nuevo;La longueur maximale du nom du joueur est de 16, veuillez vérifier et réessayer;Die maximale Länge des Spielernamens beträgt 16, bitte überprüfen und erneut versuchen;Максимальная длина имени игрока - 16, проверьте и повторите;खिलाड़ी नाम की अधिकतम लंबाई 16 है, कृपया जांचें और पुनः प्रयास करें;Tên người chơi tối đa 16 ký tự, vui lòng kiểm tra và thử lại;ความยาวสูงสุดของชื่อผู้เล่นคือ 16 โปรดตรวจสอบและลองอีกครั้ง
WARNING_10;玩家名不可包含空格，请检查后再试;Player names must not contain spaces, please check and try again;プレイヤー名にスペースを含めることはできません、確認して再試行してください;플레이어 이름에는 공백을 포함할 수 없습니다, 확인 후 다시 시도해 주세요;Los nombres de jugador no deben contener espacios, verifica e inténtalo de nuevo;Les noms des joueurs ne doivent pas contenir d'espaces, veuillez vérifier et réessayer;Spielernamen dürfen keine Leerzeichen enthalten, bitte überprüfen und erneut versuchen;Имена игроков не должны содержать пробелов, проверьте и повторите;खिलाड़ी के नाम में रिक्त स्थान नहीं होने चाहिए, कृपया जांचें और पुनः प्रयास करें;Tên người chơi không được chứa khoảng trắng, vui lòng kiểm tra và thử lại;ชื่อผู้เล่นต้องไม่มีช่องว่าง โปรดตรวจสอบและลองอีกครั้ง
ERROR;错误;Error;エラー;오류;Error;Erreur;Fehler;Ошибка;त्रुटि;Lỗi;ข้อผิดพลาด
SECONDARY_CONFIRMATION;二次确认;Secondary Confirmation;二次確認;2차 확인;Confirmación secundaria;Confirmation secondaire;Zweite Bestätigung;Вторичное подтверждение;द्वितीय पुष्टिकरण;Xác nhận thứ cấp;การยืนยันครั้งที่สอง
SECONDARY_CONFIRMATION_1; 将会被移动到回收站，是否确认删除？; will be moved to trash bin, do you confirm?; はゴミ箱に移動されます、削除しますか？; 가 휴지통으로 이동됩니다, 삭제하시겠습니까？; será movido a la papelera, ¿confirmas?; sera déplacé vers la corbeille, confirmez-vous ?; wird in den Papierkorb verschoben, bestätigen Sie?; будет перемещено в корзину, подтверждаете удаление?; कचरा डिब्बे में ले जाया जाएगा, क्या आप पुष्टि करते हैं?; sẽ được chuyển vào thùng rác, bạn có xác nhận xóa không?; จะถูกย้ายไปถังขยะ ยืนยันการลบหรือไม่?
SECONDARY_CONFIRMATION_2;该世界版本过低，将会进行版本转换，该过程不可逆，如有需要请及时备份，是否继续？;The world version is too low, it will be converted, the process is irreversible, if necessary, please back up in time, whether to continue?;このワールドのバージョンが低すぎます、変換されますがこの処理は不可逆です、必要に応じてバックアップを取ってください、続けますか？;이 월드 버전이 너무 낮습니다, 변환될 예정이며 이 과정은 되돌릴 수 없습니다, 필요한 경우 백업을 해 주세요, 계속하시겠습니까？;La versión de este mundo es demasiado baja, será convertida, el proceso es irreversible, si es necesario haz una copia de seguridad, ¿continuar?;La version de ce monde est trop basse, elle sera convertie, le processus est irréversible, si nécessaire veuillez sauvegarder à temps, continuer ?;Diese Weltversion ist zu niedrig, sie wird konvertiert, der Vorgang ist irreversibel, sichern Sie sie bei Bedarf rechtzeitig, fortfahren?;Версия этого мира слишком низкая, он будет преобразован, процесс необратим, при необходимости сделайте резервную копию, продолжить?;इस दुनिया का संस्करण बहुत कम है, इसे परिवर्तित किया जाएगा, प्रक्रिया अपरिवर्तनीय है, यदि आवश्यक हो तो समय पर बैकअप लें, क्या जारी रखना है?;Phiên bản thế giới này quá thấp, nó sẽ được chuyển đổi, quá trình này không thể đảo ngược, nếu cần hãy sao lưu kịp thời, có tiếp tục không?;เวอร์ชันโลกนี้ต่ำเกินไป จะถูกแปลง กระบวนการนี้ไม่สามารถย้อนกลับได้ หากจำเป็นโปรดสำรองข้อมูลทันที ต้องการดำเนินการต่อหรือไม่?
ALLOW_CHEAT;允许作弊;allow cheat;チートを許可;치트 허용;Permitir trucos;Autoriser les triches;Cheats erlauben;Разрешить читы;धोखा देने की अनुमति दें;Cho phép cheat;อนุญาตการโกง
CREATIVE_MODE;创造模式;creative mode;クリエイティブモード;크리에이티브 모드;Modo creativo;Mode créatif;Kreativmodus;Режим творчества;क्रिएटिव मोड;Chế độ sáng tạo;โหมดสร้างสรรค์
SURVIVAL_MODE;生存模式;survival mode;サバイバルモード;생존 모드;Modo supervivencia;Mode survie;Überlebensmodus;Режим выживания;सर्वाइवल मोड;Chế độ sinh tồn;โหมดเอาชีวิตรอด
ENTER_WORLD;进入世界;enter world;ワールドに入る;월드 입장;Entrar al mundo;Entrer dans le monde;Welt betreten;Войти в мир;दुनिया में प्रवेश करें;Vào thế giới;เข้าโลก
CREATE_WORLD;创建世界;create world;ワールドを作成;월드 생성;Crear mundo;Créer un monde;Welt erstellen;Создать мир;दुनिया बनाएं;Tạo thế giới;สร้างโลก
EDIT_WORLD;编辑世界;edit world;ワールドを編集;월드 편집;Editar mundo;Modifier le monde;Welt bearbeiten;Редактировать мир;दुनिया संपादित करें;Chỉnh sửa thế giới;แก้ไขโลก
DELETE_WORLD;删除世界;delete world;ワールドを削除;월드 삭제;Eliminar mundo;Supprimer le monde;Welt löschen;Удалить мир;दुनिया हटाएं;Xóa thế giới;ลบโลก
JOIN_SERVER;加入服务器;join server;サーバーに参加;서버 참가;Unirse al servidor;Rejoindre le serveur;Server beitreten;Присоединиться к серверу;सर्वर में शामिल हों;Tham gia máy chủ;เข้าร่วมเซิร์ฟเวอร์
ADD_SERVER;添加服务器;add server;サーバーを追加;서버 추가;Añadir servidor;Ajouter un serveur;Server hinzufügen;Добавить сервер;सर्वर जोड़ें;Thêm máy chủ;เพิ่มเซิร์ฟเวอร์
DELETE_SERVER;删除服务器;delete server;サーバーを削除;서버 삭제;Eliminar servidor;Supprimer le serveur;Server löschen;Удалить сервер;सर्वर हटाएं;Xóa máy chủ;ลบเซิร์ฟเวอร์
REFRESH;刷新;refresh;更新;새로 고침;Actualizar;Actualiser;Aktualisieren;Обновить;ताज़ा करें;Làm mới;รีเฟรช
EDIT_SERVER;编辑服务器;edit server;サーバーを編集;서버 편집;Editar servidor;Modifier le serveur;Server bearbeiten;Редактировать сервер;सर्वर संपादित करें;Chỉnh sửa máy chủ;แก้ไขเซิร์ฟเวอร์
LAST_MODIFIED;上次修改;last modified;最終更新;마지막 수정;Última modificación;Dernière modification;Zuletzt geändert;Последнее изменение;अंतिम संशोधन;Lần sửa cuối;แก้ไขล่าสุด
INVALID_IP;无效的 ip 地址;invalid ip address;無効なIPアドレス;잘못된 IP 주소;Dirección IP inválida;Adresse IP invalide;Ungültige IP-Adresse;Неверный IP-адрес;अमान्य आईपी पता;Địa chỉ IP không hợp lệ;ที่อยู่ IP ไม่ถูกต้อง
ONLINE_PLAYERS;在线玩家;online players;オンラインプレイヤー;온라인 플레이어;Jugadores en línea;Joueurs en ligne;Spieler online;Игроки онлайн;ऑनलाइन खिलाड़ी;Người chơi trực tuyến;ผู้เล่นออนไลน์
POSITON;坐标;position;座標;좌표;Posición;Position;Position;Позиция;स्थिति;Vị trí;ตำแหน่ง
SELECTED_POSITION;选中坐标;selected position;選択中の座標;선택된 좌표;Posición seleccionada;Position sélectionnée;Ausgewählte Position;Выбранная позиция;चयनित स्थिति;Vị trí đã chọn;ตำแหน่งที่เลือก
CHUNK;区块;chunk;チャンク;청크;Chunk;Tronçon;Chunk;Чанк;चंक;Chunk;ส่วน
FULL_SCREEN;全屏;full screen;全画面表示;전체 화면;Pantalla completa;Plein écran;Vollbild;Полный экран;पूर्ण स्क्रीन;Toàn màn hình;เต็มหน้าจอ
AUTO_JUMP;自动跳跃;auto jump;自動ジャンプ;자동 점프;Salto automático;Saut automatique;Automatischer Sprung;Автопрыжок;ऑटो जंप;Nhảy tự động;กระโดดอัตโนมัติ
NEW_MUSIC;新版音乐;new music;新しい音楽;새로운 음악;Música nueva;Nouvelle musique;Neue Musik;Новая музыка;नया संगीत;Nhạc mới;เพลงใหม่
SMOOTH_LIGHTING;平滑光照（测试）;smooth lighting (testing);スムーズライティング（テスト中）;부드러운 조명 (테스트 중);Iluminación suave (en pruebas);Éclairage doux (en test);Weiches Licht (im Test);Плавное освещение (тестируется);चिकनी प्रकाश व्यवस्था (परीक्षण);Ánh sáng mượt (đang thử nghiệm);แสงเรียบ (กำลังทดสอบ)
PARTICLE_EFFECT;粒子效果;particle effect;パーティクル効果;입자 효과;Efecto de partículas;Effet de particules;Partikeleffekt;Эффект частиц;कण प्रभाव;Hiệu ứng hạt;เอฟเฟกต์อนุภาค
V_SYNC;垂直同步;vertical sync;垂直同期;수직 동기화;Sincronización vertical;Synchronisation verticale;Vertikale Synchronisation;Вертикальная синхронизация;ऊर्ध्वाधर सिंक;Đồng bộ dọc;ซิงค์แนวตั้ง
MINI_MAP;小地图;mini map;ミニマップ;미니맵;Minimapa;Mini-carte;Minikarte;Мини-карта;मिनी मैप;Bản đồ nhỏ;แผนที่ย่อ
ON;开;on;オン;켜짐;Encendido;Activé;An;Вкл;चालू;Bật;เปิด
OFF;关;off;オフ;꺼짐;Apagado;Désactivé;Aus;Выкл;बंद;Tắt;ปิด
MINI_MAP_ZOOM;小地图缩放;mini map zoom;ミニマップズーム;미니맵 확대/축소;Zoom del minimapa;Zoom de la mini-carte;Minikarten-Zoom;Масштаб мини-карты;मिनी मैप ज़ूम;Thu phóng bản đồ nhỏ;ซูมแผนที่ย่อ
GUI_SCALE;GUI缩放;GUI scale;GUIスケール;GUI스케일;escala GUI;échelle GUI;GUI-Skalierung;масштаб GUI;GUI स्केल;tỷ lệ GUI;มาตราส่วน GUI
BIG;大;big;大;큰;grande;grand;Groß;большой;बड़ा;lớn;ใหญ่
MIDDLE;中;middle;中;중;medio;moyen;Mittel;средний;मध्यम;trung bình;กลาง
SMALL;小;small;小;작은;pequeño;petit;Klein;маленький;छोटा;nhỏ;เล็ก
FPS;帧率;fps;フレームレート;프레임 레이트;FPS;FPS;FPS;FPS;एफपीएस;FPS;อัตราเฟรม
SLOGAN_1;多人测试！;Muti-player test!;マルチプレイヤーテスト！;멀티플레이어 테스트！;¡Prueba multijugador!;Test multijoueur !;Mehrspieler-Test!;Мультиплеер тест!;मल्टी-प्लेयर परीक्षण!;Thử nghiệm nhiều người chơi!;ทดสอบผู้เล่นหลายคน!
SLOGAN_2;薄言EZ制作;Made by HiBoranez;HiBoranez 制作;HiBoranez 제작;Hecho por HiBoranez;Fabriqué par HiBoranez;Hergestellt von HiBoranez;Сделано HiBoranez;HiBoranez द्वारा निर्मित;Được tạo bởi HiBoranez;สร้างโดย HiBoranez
SLOGAN_3;Alpha时代！;Alpha era!;アルファ時代！;알파 시대！;¡Era Alpha!;Ère Alpha !;Alpha-Ära!;Эра Alpha!;अल्फा युग!;Thời kỳ Alpha!;ยุคอัลฟ่า!
SLOGAN_4;生存更新！;Survival update!;サバイバルアップデート！;생존 업데이트！;¡Actualización de supervivencia!;Mise à jour survie !;Überlebens-Update!;Обновление выживания!;सर्वाइवल अद्यतन!;Bản cập nhật sinh tồn!;อัปเดตเอาชีวิตรอด!
/HELP;/help;/help;/help;/help;/help;/help;/help;/help;/help;/help;/help
/TP;/tp <x> <y>;/tp <x> <y>;/tp <x> <y>;/tp <x> <y>;/tp <x> <y>;/tp <x> <y>;/tp <x> <y>;/tp <x> <y>;/tp <x> <y>;/tp <x> <y>;/tp <x> <y>
/GAMEMODE;/gamemode <模式>;/gamemode <mode>;/gamemode <モード>;/gamemode <모드>;/gamemode <modo>;/gamemode <mode>;/gamemode <Modus>;/gamemode <режим>;/gamemode <मोड>;/gamemode <chế độ>;/gamemode <โหมด>
NO_COMMAND_PERMISSION;你没有使用此命令的权限;You do not have permission to execute this command;このコマンドを実行する権限がありません;이 명령을 실행할 권한이 없습니다;No tienes permiso para ejecutar este comando;Vous n'avez pas la permission d'exécuter cette commande;Sie haben keine Berechtigung für diesen Befehl;У вас нет прав на выполнение этой команды;आपके पास इस कमांड को निष्पादित करने की अनुमति नहीं है;Bạn không có quyền thực hiện lệnh này;คุณไม่มีสิทธิ์ใช้คำสั่งนี้
NO_BUILD_PERMISSION;你没有在此处建筑的权限;You do not have permission to build here;ここに建築する権限がありません;여기에 건축할 권한이 없습니다;No tienes permiso para construir aquí;Vous n'avez pas la permission de construire ici;Sie haben keine Baugenehmigung hier;У вас нет прав на строительство здесь;आपके पास यहां निर्माण करने की अनुमति नहीं है;Bạn không có quyền xây dựng ở đây;คุณไม่มีสิทธิ์ก่อสร้างที่นี่
NOT_VALID_MODE_OR_NUM; 不是有效的模式或数字; is not a valid mode or number; は有効なモードまたは数字ではありません; 는 유효한 모드 또는 숫자가 아닙니다; no es un modo o número válido; n'est pas un mode ou un nombre valide; ist kein gültiger Modus oder Zahl; не является допустимым режимом или числом; एक वैध मोड या संख्या नहीं है; không phải là chế độ hoặc số hợp lệ; ไม่ใช่โหมดหรือตัวเลขที่ถูกต้อง
GAMEMODE_SET_TO; 的游戏模式被设置为 ; 's gamemode was set to ; のゲームモードが に設定されました; 의 게임 모드가 (으)로 설정되었습니다; el modo de juego de  se estableció en ; le mode de jeu de  a été défini sur ; s Spielmodus wurde auf  gesetzt; игровой режим  был установлен на ; का गेममोड  पर सेट किया गया था; chế độ trò chơi của  đã được đặt thành ; โหมดเกมของ ถูกตั้งค่าเป็น 
OFFICIAL_SERVER_EDIT;官方服务器暂不支持编辑;The official server currently does not support editing;公式サーバーでは現在編集をサポートしていません;공식 서버는 현재 편집을 지원하지 않습니다;El servidor oficial actualmente no admite edición;Le serveur officiel ne prend pas en charge l'édition pour le moment;Der offizielle Server unterstützt derzeit keine Bearbeitung;Официальный сервер в настоящее время не поддерживает редактирование;आधिकारिक सर्वर वर्तमान में संपादन का समर्थन नहीं करता है;Máy chủ chính thức hiện không hỗ trợ chỉnh sửa;เซิร์ฟเวอร์ทางการยังไม่รองรับการแก้ไข
OFFICIAL_SERVER_DELETE;官方服务器暂不支持删除;The official server currently does not support deleting;公式サーバーでは現在削除をサポートしていません;공식 서버는 현재 삭제를 지원하지 않습니다;El servidor oficial actualmente no admite la eliminación;Le serveur officiel ne prend pas en charge la suppression pour le moment;Der offizielle Server unterstützt derzeit kein Löschen;Официальный сервер в настоящее время не поддерживает удаление;आधिकारिक सर्वर वर्तमान में हटाने का समर्थन नहीं करता है;Máy chủ chính thức hiện không hỗ trợ xóa;เซิร์ฟเวอร์ทางการยังไม่รองรับการลบ
RANGE_LIMIT;输入的数字过大，请调小一些;the number is too large, please try a less one;数字が大きすぎます、小さくしてください;숫자가 너무 큽니다, 더 작은 값을 입력하세요;El número es demasiado grande, por favor intente uno más pequeño;Le nombre est trop grand, veuillez en essayer un plus petit;Die Zahl ist zu groß, bitte versuchen Sie eine kleinere;Число слишком большое, попробуйте меньшее;संख्या बहुत बड़ी है, कृपया कम संख्या आज़माएं;Con số quá lớn, vui lòng thử số nhỏ hơn;ตัวเลขใหญ่เกินไป โปรดลองใช้ตัวเลขที่น้อยกว่า
SCREENSHOT_SAVED;截屏已保存至 ;screenshot saved to ;スクリーンショットが に保存されました;스크린샷이 (으)로 저장되었습니다;Captura de pantalla guardada en ;Capture d'écran enregistrée dans ;Screenshot gespeichert unter ;Скриншот сохранён в ;स्क्रीनशॉट  पर सहेजा गया;Ảnh chụp màn hình đã lưu tại ;บันทึกภาพหน้าจอไว้ที่ 
COMMAND_LIST;命令列表;command list;コマンドリスト;명령어 목록;Lista de comandos;Liste des commandes;Befehlsliste;Список команд;कमांड सूची;Danh sách lệnh;รายการคำสั่ง
USAGE;用法;usage;使用方法;사용법;Uso;Utilisation;Verwendung;Использование;उपयोग;Cách sử dụng;วิธีใช้
UNKNOWN_COMMAND;未知的指令;unknown command;不明なコマンド;알 수 없는 명령어;Comando desconocido;Commande inconnue;Unbekannter Befehl;Неизвестная команда;अज्ञात आदेश;Lệnh không xác định;คำสั่งไม่รู้จัก
TELEPORT_INFO_1;已将 ;teleported ;テレポートしました;텔레포트했습니다;Teletransportado ;Téléporté ;Teleportiert ;Телепортирован ;टेलीपोर्ट किया गया ;Đã dịch chuyển ;เคลื่อนย้ายแล้ว 
TELEPORT_INFO_2; 传送至 ; to ; から へテレポート; 에서 (으)로 텔레포트; a ; vers ; nach ; в ;को ;đến ;ไปยัง 
CRAFTING;合成;crafting;クラフト;제작;Fabricación;Fabrication;Herstellung;Создание;शिल्प;Chế tạo;การคราฟต์
INVENTORY;物品栏;inventory;インベントリ;인벤토리;Inventario;Inventaire;Inventar;Инвентарь;इन्वेंटरी;Kho đồ;คลังไอเทม
AIR;空气;air;空気;공기;Aire;Air;Luft;Воздух;हवा;Không khí;อากาศ
BEDROCK;基岩;bedrock;岩盤;기반암;Roca madre;Roche-mère;Grundgestein;Бедрок;आधारशिला;Đá nền;หินฐาน
BOOK;书;book;本;책;Libro;Livre;Buch;Книга;किताब;Sách;หนังสือ
BOOKSHELF;书架;bookshelf;本棚;책장;Estantería;Étagère;Bücherregal;Книжная полка;किताबों की अलमारी;Kệ sách;ชั้นหนังสือ
BRICKS;红砖块;bricks;レンガ;벽돌 블록;Ladrillos;Briques;Ziegelsteine;Кирпичи;ईंटें;Gạch;บล็อกอิฐ
BRICK;红砖;brick;レンガ;벽돌;Ladrillo;Brique;Ziegel;Кирпич;ईंट;Viên gạch;อิฐ
CLAY_BALL;黏土球;clay ball;粘土玉;점토 덩이;Bola de arcilla;Boule d'argile;Tonkugel;Глиняный шар;मिट्टी की गेंद;Đất sét viên;ดินเหนียวก้อน
COAL_ORE;煤矿石;coal ore;石炭鉱石;석탄 광석;Mineral de carbón;Minerai de charbon;Kohlerz;Угольная руда;कोयला अयस्क;Quặng than;แร่ถ่านหิน
GUNPOWDER;火药;gunpowder;火薬;화약;Pólvora;Poudre à canon;Schießpulver;Порох;बारूद;Thuốc súng;ดินปืน
STRING;线;string;糸;실;Cuerda;Fil;Faden;Нить;डोरी;Chỉ;เส้นด้าย
COBBLESTONE;圆石;cobblestone;丸石;조약돌;Adoquín;Pierre;Kopfsteinpflaster;Булыжник;कंकड़ीट;Đá cuội;หินกรวด
COBBLESTONE_MOSSY;苔石;mossy cobblestone;苔むした丸石;이끼 낀 조약돌;Adoquín musgoso;Pierre moussue;Bemooster Kopfstein;Замшелый булыжник;काई वाली कंकड़ीट;Đá cuội rêu;หินกรวดมอส
CRAFTING_TABLE;工作台;crafting table;作業台;작업대;Mesa de trabajo;Table de craft;Werkbank;Верстак;क्राफ्टिंग टेबल;Bàn chế tạo;โต๊ะคราฟต์
DIAMOND_BLOCK;钻石块;diamond block;ダイヤモンドブロック;다이아몬드 블록;Bloque de diamante;Bloc de diamant;Diamantblock;Алмазный блок;हीरा ब्लॉक;Khối kim cương;บล็อกเพชร
DIAMOND_ORE;钻石矿石;diamond ore;ダイヤモンド鉱石;다이아몬드 광석;Mineral de diamante;Minerai de diamant;Diamanterz;Алмазная руда;हीरा अयस्क;Quặng kim cương;แร่เพชร
DIRT;泥土;dirt;土;흙;Tierra;Terre;Erde;Земля;मिट्टी;Đất;ดิน
EMERALD;绿宝石;emerald;エメラルド;에메랄드;Esmeralda;Émeraude;Smaragd;Изумруд;पन्ना;Ngọc lục bảo;มรกต
EMERALD_BLOCK;绿宝石块;emerald block;エメラルドブロック;에메랄드 블록;Bloque de esmeralda;Bloc d'émeraude;Smaragdblock;Изумрудный блок;पन्ना ब्लॉक;Khối ngọc lục bảo;บล็อกมรกต
EMERALD_ORE;绿宝石矿石;emerald ore;エメラルド鉱石;에메랄드 광석;Mineral de esmeralda;Minerai d'émeraude;Smaragderz;Изумрудная руда;पन्ना अयस्क;Quặng ngọc lục bảo;แร่มรกต
END_FRAME;末地传送门框架;end portal frame;エンドポータルの枠;엔드 포탈 프레임;Marco de portal del End;Cadre de portail de l'End;Endportalrahmen;Рамка портала Энда;एंड पोर्टल फ्रेम;Khung cổng kết thúc;กรอบพอร์ทัลเอนด์
END_STONE;末地石;end stone;エンドストーン;엔드 스톤;Piedra del End;Pierre de l'End;Endstein;Камень Энда;एंड स्टोन;Đá kết thúc;หินเอนด์
FARM_LAND;耕地;farm land;耕地;경작지;Tierra de cultivo;Terre labourée;Ackerland;Пашня;खेत की जमीन;Đất canh tác;ที่ดินเพาะปลูก
FURNACE_OFF;熔炉（未点燃）;furnace (off);かまど（消火）;화로(꺼짐);Horno (apagado);Four (éteint);Ofen (aus);Печь (выключена);भट्टी (बंद);Lò nung (tắt);เตาเผา (ปิด)
FURNACE_ON;熔炉（点燃）;furnace (on);かまど（点火）;화로(켜짐);Horno (encendido);Four (allumé);Ofen (an);Печь (включена);भट्टी (चालू);Lò nung (bật);เตาเผา (เปิด)
GLOWSTONE;萤石;glowstone;グロウストーン;발광석;Piedra luminosa;Pierre lumineuse;Leuchtstein;Светящийся камень;चमकता पत्थर;Đá phát sáng;หินเรืองแสง
GLOWSTONE_DUST;萤石粉;glowstone dust;グロウストーンの粉;발광석 가루;Polvo de piedra luminosa;Poudre de pierre lumineuse;Leuchtsteinstaub;Пыль светящегося камня;चमकता पत्थर चूर्ण;Bột đá phát sáng;ผงหินเรืองแสง
GOLD_BLOCK;金块;gold block;金ブロック;금 블록;Bloque de oro;Bloc d'or;Goldblock;Золотой блок;सोने का ब्लॉक;Khối vàng;บล็อกทองคำ
GOLD_ORE;金矿石;gold ore;金鉱石;금 광석;Mineral de oro;Minerai d'or;Golderz;Золотая руда;सोने का अयस्क;Quặng vàng;แร่ทองคำ
GRASS_BLOCK;草方块;grass block;草ブロック;잔디 블록;Bloque de hierba;Bloc d'herbe;Grasblock;Травяной блок;घास ब्लॉक;Khối cỏ;บล็อกหญ้า
GRASS_SNOWED;积雪草方块;snowed grass block;雪の積もった草ブロック;눈 덮인 잔디 블록;Bloque de hierba nevado;Bloc d'herbe enneigé;Verschneiter Grasblock;Заснеженный травяной блок;बर्फ से ढका घास ब्लॉक;Khối cỏ tuyết phủ;บล็อกหญ้าหิมะ
GRAVEL;沙砾;gravel;砂利;자갈;Grava;Gravier;Kies;Гравий;बजरी;Sỏi;กรวด
HAY_BLOCK;干草块;hay bale;干し草のブロック;건초 더미;Paca de heno;Ballot de foin;Heuballen;Стог сена;सूखी घास का गट्ठर;Kiện rơm;กองฟาง
IRON_BARS;铁栏杆;iron bars;鉄格子;철창;Barras de hierro;Barreaux de fer;Eisengitter;Железные прутья;लोहे की सलाखें;Thanh sắt;ราวเหล็ก
IRON_BLOCK;铁块;iron block;鉄ブロック;철 블록;Bloque de hierro;Bloc de fer;Eisenblock;Железный блок;लोहे का ब्लॉक;Khối sắt;บล็อกเหล็ก
IRON_ORE;铁矿石;iron ore;鉄鉱石;철 광석;Mineral de hierro;Minerai de fer;Eisenerz;Железная руда;लोहे का अयस्क;Quặng sắt;แร่เหล็ก
LADDER;梯子;ladder;はしご;사다리;Escalera;Échelle;Leiter;Лестница;सीढ़ी;Thang;บันได
LAPIS_BLOCK;青金石块;lapis block;ラピスラズリブロック;청금석 블록;Bloque de lapislázuli;Bloc de lapis-lazuli;Lapislazuliblock;Лазуритовый блок;लापिस ब्लॉक;Khối ngọc lưu ly;บล็อกแร่แลพิส
LAPIS_LAZULI;青金石;lapis lazuli;ラピスラズリ;청금석;Lapislázuli;Lapis-lazuli;Lapislazuli;Лазурит;लापिस लाजुली;Ngọc lưu ly;แร่แลพิส
LAPIS_ORE;青金石矿石;lapis ore;ラピスラズリ鉱石;청금석 광석;Mineral de lapislázuli;Minerai de lapis-lazuli;Lapislazulierz;Лазуритовая руда;लापिस अयस्क;Quặng ngọc lưu ly;แร่แลพิส
LEAVES;树叶;leaves;葉;잎;Hojas;Feuilles;Blätter;Листья;पत्तियां;Lá;ใบไม้
LOG_OAK;橡木原木;oak log;オークの原木;참나무 원목;Tronco de roble;Bûche de chêne;Eichenstamm;Дубовое бревно;शाहबलूत का लट्ठा;Gỗ sồi;ท่อนไม้โอ๊ก
MELON;西瓜;melon;スイカ;수박;Melón;Melon;Melone;Арбуз;तरबूज;Dưa hấu;แตงโม
MISSING_TEXTURE;缺失材质;missing texture;テクスチャなし;텍스처 없음;Textura faltante;Texture manquante;Fehlende Textur;Отсутствует текстура;लापता बनावट;Thiếu kết cấu;พื้นผิวหายไป
PLANKS_OAK;橡木木板;oak planks;オークの木材;참나무 판자;Tablas de roble;Planches de chêne;Eichenholzbretter;Дубовые доски;शाहबलूत के तख्ते;Ván gỗ sồi;แผ่นไม้โอ๊ก
PUMPKIN_FACE_OFF;南瓜灯（未点燃）;carved pumpkin (off);ジャック・オ・ランタン（消灯）;잭 오 랜턴(꺼짐);Calabaza tallada (apagada);Citrouille sculptée (éteinte);Geschnitzter Kürbis (aus);Резная тыква (выключена);कद्दू की मूर्ति (बंद);Bí ngô khắc (tắt);ฟักทองแกะสลัก (ปิด)
PUMPKIN_FACE_ON;南瓜灯（点燃）;carved pumpkin (on);ジャック・オ・ランタン（点灯）;잭 오 랜턴(켜짐);Calabaza tallada (encendida);Citrouille sculptée (allumée);Geschnitzter Kürbis (an);Резная тыква (включена);कद्दू की मूर्ति (चालू);Bí ngô khắc (bật);ฟักทองแกะสลัก (เปิด)
PUMPKIN;南瓜;pumpkin;カボチャ;호박;Calabaza;Citrouille;Kürbis;Тыква;कद्दू;Bí ngô;ฟักทอง
REEDS;甘蔗;reeds;サトウキビ;사탕수수;Cañas;Canne à sucre;Zuckerrohr;Сахарный тростник;गन्ना;Mía;อ้อย
SUGAR;糖;sugar;砂糖;설탕;Azúcar;Sucre;Zucker;Сахар;चीनी;Đường;น้ำตาล
PAPER;纸;paper;紙;종이;Papel;Papier;Papier;Бумага;कागज;Giấy;กระดาษ
SAND;沙子;sand;砂;모래;Arena;Sable;Sand;Песок;रेत;Cát;ทราย
SANDSTONE;砂岩;sandstone;砂岩;사암;Arenisca;Grès;Sandstein;Песчаник;बलुआ पत्थर;Sa thạch;หินทราย
SANDSTONE_CHISELED;雕刻砂岩;chiseled sandstone;模様入りの砂岩;조각된 사암;Arenisca cincelada;Grès sculpté;Gemeißelter Sandstein;Резной песчаник;तराशा हुआ बलुआ पत्थर;Sa thạch đục khắc;หินทรายสลัก
SANDSTONE_SMOOTH;平滑砂岩;smooth sandstone;滑らかな砂岩;매끄러운 사암;Arenisca lisa;Grès lisse;Glatter Sandstein;Гладкий песчаник;चिकना बलुआ पत्थर;Sa thạch mịn;หินทรายเรียบ
SAPLING_OAK;橡树树苗;oak sapling;オークの苗木;참나무 묘목;Arbolito de roble;Pousse de chêne;Eichensetzling;Саженец дуба;शाहबलूत का पौधा;Cây sồi non;ต้นกล้าโอ๊ก
STONE;石头;stone;石;돌;Piedra;Pierre;Stein;Камень;पत्थर;Đá;หิน
STONEBRICK;石砖;stone brick;石レンガ;석재 벽돌;Ladrillo de piedra;Brique en pierre;Steinziegel;Каменный кирпич;पत्थर की ईंट;Gạch đá;อิฐหิน
STONEBRICK_CHISELED;雕刻石砖;chiseled stone brick;模様入りの石レンガ;조각된 석재 벽돌;Ladrillo de piedra cincelado;Brique en pierre sculptée;Gemeißelter Steinziegel;Резной каменный кирпич;तराशा हुआ पत्थर ईंट;Gạch đá đục khắc;อิฐหินสลัก
STONEBRICK_CRACKED;裂纹石砖;cracked stone brick;ひび割れた石レンガ;금 간 석재 벽돌;Ladrillo de piedra agrietado;Brique en pierre fissurée;Rissiger Steinziegel;Треснутый каменный кирпич;दरार वाली पत्थर ईंट;Gạch đá nứt;อิฐหินร้าว
STONEBRICK_MOSSY;苔石砖;mossy stone brick;苔むした石レンガ;이끼 낀 석재 벽돌;Ladrillo de piedra musgoso;Brique en pierre moussue;Bemooster Steinziegel;Замшелый каменный кирпич;काई वाली पत्थर ईंट;Gạch đá rêu;อิฐหินมอส
TNT;炸药;tnt;TNT;TNT;TNT;TNT;TNT;ТНТ;टीएनटी;TNT;ทีเอ็นที
TORCH;火把;torch;松明;횃불;Antorcha;Torche;Fackel;Факел;मशाल;Đuốc;คบเพลิง
WHEAT_STAGE_0;小麦第0阶段;wheat stage 0;小麦 段階0;밀 단계 0;Trigo etapa 0;Blé étape 0;Weizen Stadium 0;Пшеница стадия 0;गेहूं चरण 0;Lúa mì giai đoạn 0;ข้าวสาลีระยะที่ 0
WHEAT_STAGE_1;小麦第1阶段;wheat stage 1;小麦 段階1;밀 단계 1;Trigo etapa 1;Blé étape 1;Weizen Stadium 1;Пшеница стадия 1;गेहूं चरण 1;Lúa mì giai đoạn 1;ข้าวสาลีระยะที่ 1
WHEAT_STAGE_2;小麦第2阶段;wheat stage 2;小麦 段階2;밀 단계 2;Trigo etapa 2;Blé étape 2;Weizen Stadium 2;Пшеница стадия 2;गेहूं चरण 2;Lúa mì giai đoạn 2;ข้าวสาลีระยะที่ 2
WHEAT_STAGE_3;小麦第3阶段;wheat stage 3;小麦 段階3;밀 단계 3;Trigo etapa 3;Blé étape 3;Weizen Stadium 3;Пшеница стадия 3;गेहूं चरण 3;Lúa mì giai đoạn 3;ข้าวสาลีระยะที่ 3
WHEAT_STAGE_4;小麦第4阶段;wheat stage 4;小麦 段階4;밀 단계 4;Trigo etapa 4;Blé étape 4;Weizen Stadium 4;Пшеница стадия 4;गेहूं चरण 4;Lúa mì giai đoạn 4;ข้าวสาลีระยะที่ 4
WHEAT_STAGE_5;小麦第5阶段;wheat stage 5;小麦 段階5;밀 단계 5;Trigo etapa 5;Blé étape 5;Weizen Stadium 5;Пшеница стадия 5;गेहूं चरण 5;Lúa mì giai đoạn 5;ข้าวสาลีระยะที่ 5
WHEAT_STAGE_6;小麦第6阶段;wheat stage 6;小麦 段階6;밀 단계 6;Trigo etapa 6;Blé étape 6;Weizen Stadium 6;Пшеница стадия 6;गेहूं चरण 6;Lúa mì giai đoạn 6;ข้าวสาลีระยะที่ 6
WHEAT_STAGE_7;小麦第7阶段;wheat stage 7;小麦 段階7;밀 단계 7;Trigo etapa 7;Blé étape 7;Weizen Stadium 7;Пшеница стадия 7;गेहूं चरण 7;Lúa mì giai đoạn 7;ข้าวสาลีระยะที่ 7
WOOL_BLACK;黑色羊毛;black wool;黒色の羊毛;검은색 양모;Lana negra;Laine noire;Schwarze Wolle;Чёрная шерсть;काला ऊन;Len đen;ขนสัตว์สีดำ
WOOL_BLUE;蓝色羊毛;blue wool;青色の羊毛;파란색 양모;Lana azul;Laine bleue;Blaue Wolle;Синяя шерсть;नीला ऊन;Len xanh;ขนสัตว์สีน้ำเงิน
WOOL_BROWN;棕色羊毛;brown wool;茶色の羊毛;갈색 양모;Lana marrón;Laine marron;Braune Wolle;Коричневая шерсть;भूरा ऊन;Len nâu;ขนสัตว์สีน้ำตาล
WOOL_CYAN;青色羊毛;cyan wool;青緑色の羊毛;청록색 양모;Lana cian;Laine cyan;Türkise Wolle;Бирюзовая шерсть;सियान ऊन;Len xanh ngọc;ขนสัตว์สีฟ้าอมเขียว
WOOL_GRAY;灰色羊毛;gray wool;灰色の羊毛;회색 양모;Lana gris;Laine grise;Graue Wolle;Серая шерсть;स्लेटी ऊन;Len xám;ขนสัตว์สีเทา
WOOL_GREEN;绿色羊毛;green wool;緑色の羊毛;초록색 양모;Lana verde;Laine verte;Grüne Wolle;Зелёная шерсть;हरा ऊन;Len xanh lá;ขนสัตว์สีเขียว
WOOL_LIGHT_BLUE;淡蓝色羊毛;light blue wool;空色の羊毛;하늘색 양모;Lana azul claro;Laine bleu clair;Hellblaue Wolle;Голубая шерсть;हल्का नीला ऊन;Len xanh nhạt;ขนสัตว์สีฟ้าอ่อน
WOOL_LIGHT_GRAY;淡灰色羊毛;light gray wool;薄灰色の羊毛;밝은 회색 양모;Lana gris claro;Laine gris clair;Hellgraue Wolle;Светло-серая шерсть;हल्का स्लेटी ऊन;Len xám nhạt;ขนสัตว์สีเทาอ่อน
WOOL_LIME;黄绿色羊毛;lime wool;黄緑色の羊毛;연두색 양모;Lana lima;Laine lime;Hellgrüne Wolle;Лаймовая шерсть;चूने का ऊन;Len xanh chanh;ขนสัตว์สีเขียวเหลือง
WOOL_MAGENTA;品红色羊毛;magenta wool;赤紫色の羊毛;자홍색 양모;Lana magenta;Laine magenta;Magenta Wolle;Пурпурная шерсть;मैजेंटा ऊन;Len đỏ tía;ขนสัตว์สีม่วงแดง
WOOL_ORANGE;橙色羊毛;orange wool;橙色の羊毛;주황색 양모;Lana naranja;Laine orange;Orange Wolle;Оранжевая шерсть;नारंगी ऊन;Len cam;ขนสัตว์สีส้ม
WOOL_PINK;粉色羊毛;pink wool;桃色の羊毛;분홍색 양모;Lana rosa;Laine rose;Rosa Wolle;Розовая шерсть;गुलाबी ऊन;Len hồng;ขนสัตว์สีชมพู
WOOL_PURPLE;紫色羊毛;purple wool;紫色の羊毛;보라색 양모;lana morada;laine violette;viole Wolle;фиолетовая шерсть;बैंगनी ऊन;len màu tím;ขนสัตว์สีม่วง
WOOL_RED;红色羊毛;red wool;赤色の羊毛;빨간색 양모;lana roja;laine rouge;rote Wolle;красная шерсть;लाल ऊन;len màu đỏ;ขนสัตว์สีแดง
WOOL_WHITE;白色羊毛;white wool;白色の羊毛;하얀색 양모;lana blanca;laine blanche;weiße Wolle;белая шерсть;सफेद ऊन;len trắng;ขนสัตว์สีขาว
WOOL_YELLOW;黄色羊毛;yellow wool;黄色の羊毛;노란색 양모;lana amarilla;laine jaune;gelbe Wolle;жёлтая шерсть;पीला ऊन;len vàng;ขนสัตว์สีเหลือง
SIGN;告示牌;sign;看板;표지판;cartel;panneau;Schild;табличка;साइन;biển báo;ป้าย
SEEDS_WHEAT;小麦种子;wheat seeds;小麦の種子;밀 씨앗;semillas de trigo;graines de blé;Weizensamen;семена пшеницы;गेहूं के बीज;hạt lúa mì;เมล็ดข้าวสาลี
BEEF_RAW;生牛肉;raw beef;生の牛肉;생 소고기;carne cruda;viande crue;rohes Rindfleisch;сырая говядина;कच्चा गोमांस;thịt bò sống;เนื้อดิบ
CHICKEN_RAW;生鸡肉;raw chicken;生の鶏肉;생 닭고기;pollo crudo;poulet cru;rohes Huhn;сырая курица;कच्चा चिकन;thịt gà sống;เนื้อไก่ดิบ
PORKCHOP_RAW;生猪排;raw pork chop;生のポークチョップ;생 돼지고기;chuleta de cerdo cruda;côte de porc crue;rohes Schweinekotelett;сырая свиная отбивная;कच्चा पोर्क;thịt lợn sống;เนื้อหมูดิบ
STICK;木棍;stick;棒;막대기;palito;bâton;Stock;палка;छड़ी;gậy;ไม้
FEATHER;羽毛;feather;羽根;깃털;pluma;plume;Feder;перо;पंख;lông vũ;ขนนก
COAL;煤炭;coal;石炭;석탄;carbón;charbon;Kohle;уголь;कोयला;than đá;ถ่าน
IRON_INGOT;铁锭;iron ingot;鉄インゴット;철괴;lingote de hierro;lingot de fer;Eisenbarren;железный слиток;लोहे की ईंट;thỏi sắt;แท่งเหล็ก
GOLD_INGOT;金锭;gold ingot;金インゴット;금괴;lingote de oro;lingot d'or;Goldbarren;золотой слиток;सोने की ईंट;thỏi vàng;แท่งทอง
DIAMOND;钻石;diamond;ダイヤモンド;다이아몬드;diamante;diamant;Diamant;алмаз;हीरा;kim cương;เพชร
WOOD_SWORD;木剑;wood sword;木の剣;나무 검;espada de madera;épée en bois;Holzschwert;деревянный меч;लकड़ी की तलवार;kiếm gỗ;ดาบไม้
STONE_SWORD;石剑;stone sword;石の剣;돌 검;espada de piedra;épée en pierre;Steinschwert;каменный меч;पत्थर की तलवार;kiếm đá;ดาบหิน
IRON_SWORD;铁剑;iron sword;鉄の剣;철 검;espada de hierro;épée en fer;Eisenschwert;железный меч;लोहे की तलवार;kiếm sắt;ดาบเหล็ก
GOLD_SWORD;金剑;gold sword;金の剣;금 검;espada de oro;épée en or;Goldschwert;золотой меч;सोने की तलवार;kiếm vàng;ดาบทอง
DIAMOND_SWORD;钻石剑;diamond sword;ダイヤモンドの剣;다이아몬드 검;espada de diamante;épée en diamant;Diamantschwert;алмазный меч;हीरे की तलवार;kiếm kim cương;ดาบเพชร
WOOD_PICKAXE;木镐;wood pickaxe;木のツルハシ;나무 곡괭이;pico de madera;pioche en bois;Holzspitzhacke;деревянная кирка;लकड़ी का कुदाल;cuốc chim gỗ;อีเต้อไม้
STONE_PICKAXE;石镐;stone pickaxe;石のツルハシ;돌 곡괭이;pico de piedra;pioche en pierre;Steinspitzhacke;каменная кирка;पत्थर का कुदाल;cuốc chim đá;อีเต้อหิน
IRON_PICKAXE;铁镐;iron pickaxe;鉄のツルハシ;철 곡괭이;pico de hierro;pioche en fer;Eisenspitzhacke;железная кирка;लोहे का कुदाल;cuốc chim sắt;อีเต้อเหล็ก
GOLD_PICKAXE;金镐;gold pickaxe;金のツルハシ;금 곡괭이;pico de oro;pioche en or;Goldspitzhacke;золотая кирка;सोने का कुदाल;cuốc chim vàng;อีเต้อทอง
DIAMOND_PICKAXE;钻石镐;diamond pickaxe;ダイヤモンドのツルハシ;다이아몬드 곡괭이;pico de diamante;pioche en diamant;Diamantspitzhacke;алмазная кирка;हीरे का कुदाल;cuốc chim kim cương;อีเต้อเพชร
WOOD_AXE;木斧;wood axe;木の斧;나무 도끼;hacha de madera;hache en bois;Holzaxt;деревянный топор;लकड़ी की कुल्हाड़ी;rìu gỗ;ขวานไม้
STONE_AXE;石斧;stone axe;石の斧;돌 도끼;hacha de piedra;hache en pierre;Steinaxt;каменный топор;पत्थर की कुल्हाड़ी;rìu đá;ขวานหิน
IRON_AXE;铁斧;iron axe;鉄の斧;철 도끼;hacha de hierro;hache en fer;Eisenaxt;железный топор;लोहे की कुल्हाड़ी;rìu sắt;ขวานเหล็ก
GOLD_AXE;金斧;gold axe;金の斧;금 도끼;hacha de oro;hache en or;Goldaxt;золотой топор;सोने की कुल्हाड़ी;rìu vàng;ขวานทอง
DIAMOND_AXE;钻石斧;diamond axe;ダイヤモンドの斧;다이아몬드 도끼;hacha de diamante;hache en diamant;Diamantaxt;алмазный топор;हीरे की कुल्हाड़ी;rìu kim cương;ขวานเพชร
WOOD_SHOVEL;木锹;wood shovel;木のシャベル;나무 삽;pala de madera;pellete en bois;Holzschaufel;деревянная лопата;लकड़ी का फावड़ा;xẻng gỗ;พลั่วไม้
STONE_SHOVEL;石锹;stone shovel;石のシャベル;돌 삽;pala de piedra;pellete en pierre;Steinschaufel;каменная лопата;पत्थर का फावड़ा;xẻng đá;พลั่วหิน
IRON_SHOVEL;铁锹;iron shovel;鉄のシャベル;철 삽;pala de hierro;pellete en fer;Eisenschaufel;железная лопата;लोहे का फावड़ा;xẻng sắt;พลั่วเหล็ก
GOLD_SHOVEL;金锹;gold shovel;金のシャベル;금 삽;pala de oro;pellete en or;Goldschaufel;золотая лопата;सोने का फावड़ा;xẻng vàng;พลั่วทอง
DIAMOND_SHOVEL;钻石锹;diamond shovel;ダイヤモンドのシャベル;다이아몬드 삽;pala de diamante;pellete en diamant;Diamantschaufel;алмазная лопата;हीरे का फावड़ा;xẻng kim cương;พลั่วเพชร
WOOD_HOE;木锄;wood hoe;木のクワ;나무 괭이;azada de madera;houe en bois;Holzhacke;деревянная мотыга;लकड़ी का कुदाल;cuốc gỗ;จอบไม้
STONE_HOE;石锄;stone hoe;石のクワ;돌 괭이;azada de piedra;houe en pierre;Steinhacke;каменная мотыга;पत्थर का कुदाल;cuốc đá;จอบหิน
IRON_HOE;铁锄;iron hoe;鉄のクワ;철 괭이;azada de hierro;houe en fer;Eisenhacke;железная мотыга;लोहे का कुदाल;cuốc sắt;จอบเหล็ก
GOLD_HOE;金锄;gold hoe;金のクワ;금 괭이;azada de oro;houe en or;Goldhacke;золотая мотыга;सोने का कुदाल;cuốc vàng;จอบทอง
DIAMOND_HOE;钻石锄;diamond hoe;ダイヤモンドのクワ;다이아몬드 괭이;azada de diamante;houe en diamant;Diamanthacke;алмазная мотыга;हीरे का कुदाल;cuốc kim cương;จอบเพชร
BOW;弓;bow;弓;활;arco;arc;Bogen;лук;धनुष;cung;คันธนู
BONE;骨头;bone;骨;뼈;hueso;os;Knochen;кость;हड्डी;xương;กระดูก
WHEAT;小麦;wheat;小麦;밀;trigo;blé;Weizen;пшеница;गेहूं;lúa mì;ข้าวสาลี
BREAD;面包;bread;パン;빵;pan;pain;Brot;хлеб;रोटी;bánh mì;ขนมปัง
MELON_SLICE;西瓜片;melon slice;スイカの薄切り;수박 조각;rodaja de melón;tranche de melon;Melonenscheibe;ломтик арбуза;तरबूज का टुकड़ा;miếng dưa hấu;แตงโมหั่น
APPLE;苹果;apple;リンゴ;사과;manzana;pomme;Apfel;яблоко;सेब;táo;แอปเปิ้ล
FLINT;燧石;flint;火打石;부싯돌;pedernal;silex;Feuerstein;кремень;चकमक पत्थर;đá lửa;หินเหล็กไฟ
ARROW;箭;arrow;矢;화살;flecha;flèche;Pfeil;стрела;तीर;mũi tên;ลูกศร
ROTTEN_FLESH;腐肉;rotten flesh;腐った肉;썩은 살점;carne podrida;chair putride;verfaultes Fleisch;гнилая плоть;सड़ा हुआ मांस;thịt thối;เนื้อเน่า
PIG_SPAWN_EGG;猪刷怪蛋;pig spawn egg;豚のスポーンエッグ;돼지 생성 알;huevo de cerdo;œuf d'apparition de cochon;Schweine-Spawn-Ei;яйцо призыва свиньи;सुअर स्पॉन अंडा;trứng sinh lợn;ไข่เสกหมู
COW_SPAWN_EGG;牛刷怪蛋;cow spawn egg;牛のスポーンエッグ;소 생성 알;huevo de vaca;œuf d'apparition de vache;Kuh-Spawn-Ei;яйцо призыва коровы;गाय स्पॉन अंडा;trứng sinh bò;ไข่เสกวัว
SHEEP_SPAWN_EGG;羊刷怪蛋;sheep spawn egg;羊のスポーンエッグ;양 생성 알;huevo de oveja;œuf d'apparition de mouton;Schaf-Spawn-Ei;яйцо призыва овцы;भेड़ स्पॉन अंडा;trứng sinh cừu;ไข่เสกแกะ
CHICKEN_SPAWN_EGG;鸡刷怪蛋;chicken spawn egg;鶏のスポーンエッグ;닭 생성 알;huevo de pollo;œuf d'apparition de poulet;Huhn-Spawn-Ei;яйцо призыва курицы;मुर्गी स्पॉन अंडा;trứng sinh gà;ไข่เสกไก่
ZOMBIE_SPAWN_EGG;僵尸刷怪蛋;zombie spawn egg;ゾンビのスポーンエッグ;좀비 생성 알;huevo de zombi;œuf d'apparition de zombie;Zombie-Spawn-Ei;яйцо призыва зомби;ज़ोंबी स्पॉन अंडा;trứng sinh thây ma;ไข่เสกซอมบี้
SKELETON_SPAWN_EGG;骷髅刷怪蛋;skeleton spawn egg;スケルトンのスポーンエッグ;스켈레톤 생성 알;huevo de esqueleto;œuf d'apparition de squelette;Skelett-Spawn-Ei;яйцо призыва скелета;कंकाल स्पॉन अंडा;trứng sinh bộ xương;ไข่เสกโครงกระดูก
DEATH_FALL;落地过猛;hit the ground too hard;落下ダメージ;추락 피해;golpeó el suelo muy fuerte;a heurté le sol trop violemment;prallte zu hart auf dem Boden auf;упал с большой высоты;बहुत जोर से जमीन पर गिरा;rơi quá mạnh;ตกแรงเกินไป
DEATH_STARVE;饿死了;starved to death;餓死;아사;murió de hambre;mort de faim;verhungerte;умер от голода;भूख से मर गया;chết đói;อดอาหารตาย
DEATH_FIRE;浴火焚身;went up in flames;炎上;불타 죽음;se incendió;a pris feu;ging in Flammen auf;сгорел заживо;आग में जलकर मर गया;bị thiêu cháy;ถูกไฟไหม้ตาย
DEATH_PLAYER_KILL_1;被;was slain by;に殺された;에게 살해당함;fue asesinado por;a été tué par;wurde getötet von;был убит;द्वारा मारा गया;bị giết bởi;ถูกฆ่าโดย
DEATH_PLAYER_KILL_2;杀死了;;が殺した;가 살해함;asesinó a;a tué;tötete;убил;ने मार डाला;đã giết;ฆ่า
DEATH_PLAYER_ARROW_KILL_1;被;was shot by;に射殺された;에게 화살에 맞아 죽음;fue disparado por;a été abattu par;wurde erschossen von;был застрелен;द्वारा गोली मार दी गई;bị bắn bởi;ถูกยิงโดย
DEATH_PLAYER_ARROW_KILL_2;射杀了;;が射殺した;가 화살로 살해함;disparó a;a abattu;erschoss;застрелил;ने गोली मार दी;đã bắn;ยิง
DEATH_SKELETON_ARROW_KILL;被骷髅射杀了;was shot by skeleton;スケルトンに射殺された;스켈레톤에게 화살에 맞아 죽음;fue disparado por un esqueleto;a été abattu par un squelette;wurde von einem Skelett erschossen;был застрелен скелетом;कंकाल द्वारा गोली मार दी गई;bị bộ xương bắn;ถูกโครงกระดูกยิง
DEATH_ZOMBIE_KILL;被僵尸吃掉了脑子;'s brain was eaten by zombies;ゾンビに脳を食べられた;좀비에게 뇌를 먹힘;tuvo su cerebro comido por zombis;s'est fait manger le cerveau par des zombies;'s Gehirn wurde von Zombies gefressen;мозг был съеден зомби;ज़ोंबी ने दिमाग खा लिया;bị thây ma ăn não;สมองถูกซอมบี้กิน
ACHIEVEMENT_GET;获得成就！;Achievement get!;実績獲得！;업적 달성！;¡Logro conseguido!;Succès obtenu !;Erfolg errungen!;Достижение получено!;उपलब्धि प्राप्त!;Đạt thành tựu!;ได้รับความสำเร็จ!
TAKING_INVENTORY;打开物品栏;Taking Inventory;インベントリを開く;인벤토리 열기;Abrir inventario;Ouvrir l'inventaire;Inventar öffnen;Открытие инвентаря;इन्वेंटरी खोलें;Mở kho đồ;เปิดกระเป๋า
GETTING_WOOD;获得木头;Getting Wood;木材を入手;나무 획득;Conseguir madera;Obtenir du bois;Holz bekommen;Получение дерева;लकड़ी प्राप्त करना;Lấy gỗ;ได้ไม้
BENCHMAKING;制作工作台;Benchmaking;作業台を作成;작업대 제작;Fabricar mesa de trabajo;Fabriquer un établi;Werkbank herstellen;Создание верстака;कार्यक्षेत्र बनाना;Chế tạo bàn chế tạo;สร้างโต๊ะงาน
TIME_TO_MINE!;采矿时间到！;Time to Mine!;採掘の時間！;채광 시간!;¡Hora de minar!;Temps de minerai!;Bergbau-Zeit!;Время добычи!;खनन का समय!;Đến giờ đào mỏ!;ถึงเวลาเหมืองแร่!
GETTING_AN_UPGRADE;获得升级;Getting an Upgrade;アップグレードを入手;업그레이드 획득;Obtener mejora;Obtenir une amélioration;Upgrade bekommen;Получение улучшения;उन्नयन प्राप्त करना;Nhận nâng cấp;ได้รับอัปเกรด
ACQUIRE_HARDWARE;来硬的;Acquire Hardware;ハードウェアを入手;하드웨어 획득;Obtener hardware;Obtenir du matériel;Hardware bekommen;Получение железа;हार्डवेयर प्राप्त करना;Lấy đồ cứng;ได้ฮาร์ดแวร์
TIME_TO_FARM!;耕种时间到！;Time to Farm!;耕作の時間！;농사 시간!;¡Hora de cultivar!;Temps de cultiver!;Landwirtschafts-Zeit!;Время фермерства!;खेती का समय!;Đến giờ trồng trọt!;ถึงเวลาเพาะปลูก!
BAKE_BREAD;烤面包;Bake Bread;パンを焼く;빵 굽기;Hornear pan;Cuire du pain;Brot backen;Испечь хлеб;रोटी बेक करें;Nướng bánh mì;อบขนมปัง
TIME_TO_STRIKE!;出击时间到！;Time to Strike!;攻撃の時間！;공격 시간!;¡Hora de atacar!;Temps de frapper!;Angriffs-Zeit!;Время атаки!;हमला करने का समय!;Đến giờ tấn công!;ถึงเวลาโจมตี!
MONSTER_HUNTER;怪物猎人;Monster Hunter;モンスターハンター;몬스터 헌터;Cazador de monstruos;Chasseur de monstres;Monsterjäger;Охотник на монстров;राक्षस शिकारी;Thợ săn quái vật;นักล่าสัตว์ประหลาด
SNIPER_DUEL;中门对狙;Sniper Duel;スナイパー対決;저격수 대결;Duelo de francotiradores;Duel de snipers;Scharfschützen-Duell;Снайперская дуэль;स्नाइपर द्वंद्वयुद्ध;Đấu súng bắn tỉa;ดวลสไนเปอร์
DIAMONDS!;钻石！;DIAMONDS!;ダイヤモンド！;다이아몬드！;¡DIAMANTES!;DIAMANTS !;DIAMANTEN!;АЛМАЗЫ!;हीरे!;KIM CƯƠNG!;เพชร!
IRON_BELLY;强大的胃;Iron Belly;鉄の胃;철의 배;Vientre de hierro;Ventre de fer;Eisenbauch;Железный живот;लोहे की तरह पेट;Dạ dày thép;ท้องเหล็ก
TAKING_INVENTORY_DESCRIPTION;按'E'键打开物品栏;Press 'E' to open your inventory;Eキーでインベントリを開く;E키로 인벤토리 열기;Presiona 'E' para abrir tu inventario;Appuyez sur 'E' pour ouvrir l'inventaire;Drücke 'E' um das Inventar zu öffnen;Нажмите 'E' чтобы открыть инвентарь;इन्वेंटरी खोलने के लिए 'E' दबाएं;Nhấn 'E' để mở kho đồ;กด 'E' เพื่อเปิดกระเป๋า
GETTING_WOOD_DESCRIPTION;捡起一个原木;Pick up a log;原木を拾う;통나무 주워서 획득;Recoge un tronco;Ramasser une bûche;Nimm einen Baumstamm auf;Поднимите бревно;एक लट्ठा उठाओ;Nhặt một khúc gỗ;เก็บท่อนไม้
BENCHMAKING_DESCRIPTION;使用4块木板制作一个工作台;Craft a workbench with 4 planks;4つの木材で作業台を作成;나무 판자 4개로 작업대 제작;Fabrica una mesa de trabajo con 4 tablones;Fabriquer un établi avec 4 planches;Baue eine Werkbank mit 4 Brettern;Сделайте верстак из 4 досок;4 तख्तों से कार्यक्षेत्र बनाएं;Chế tạo bàn chế tạo bằng 4 tấm ván;สร้างโต๊ะงานด้วยแผ่นไม้ 4 แผ่น
TIME_TO_MINE!_DESCRIPTION;制作一个镐子;Craft a pickaxe;ツルハシを作成;곡괭이 제작;Fabrica un pico;Fabriquer une pioche;Baue eine Spitzhacke;Сделайте кирку;कुदाल बनाएं;Chế tạo một cái cuốc chim;สร้างอีเต้อ
GETTING_AN_UPGRADE_DESCRIPTION;制作一个优于木制级别的镐子;Craft a pickaxe better than wooden pickaxe;木製より良いツルハシを作成;나무 곡괭이보다 좋은 곡괭이 제작;Fabrica un pico mejor que uno de madera;Fabriquer une pioche meilleure qu'en bois;Baue eine bessere Spitzhacke als aus Holz;Сделайте кирку лучше деревянной;लकड़ी की कुदाल से बेहतर कुदाल बनाएं;Chế tạo cuốc chim tốt hơn cuốc chim gỗ;สร้างอีเต้อที่ดีกว่าอีเต้อไม้
ACQUIRE_HARDWARE_DESCRIPTION;获得一个铁锭;Pick up an iron ingot;鉄インゴットを入手;철괴 획득;Consigue un lingote de hierro;Obtenir un lingot de fer;Hole einen Eisenbarren;Возьмите железный слиток;एक लोहे की ईंट उठाओ;Nhặt một thỏi sắt;ได้รับแท่งเหล็ก
TIME_TO_FARM!_DESCRIPTION;制作一个锄头;Craft a hoe;クワを作成;괭이 제작;Fabrica una azada;Fabriquer une houe;Baue eine Hacke;Сделайте мотыгу;कुदाल बनाएं;Chế tạo một cái cuốc;สร้างจอบ
BAKE_BREAD_DESCRIPTION;用小麦制作面包;Craft bread with wheat;小麦でパンを作成;밀로 빵 제작;Fabrica pan con trigo;Fabriquer du pain avec du blé;Stelle Brot mit Weizen her;Сделайте хлеб из пшеницы;गेहूं से रोटी बनाएं;Chế tạo bánh mì bằng lúa mì;ทำขนมปังด้วยข้าวสาลี
TIME_TO_STRIKE!_DESCRIPTION;制作一把剑;Craft a sword;剣を作成;검 제작;Fabrica una espada;Fabriquer une épée;Baue ein Schwert;Сделайте меч;तलवार बनाएं;Chế tạo một thanh kiếm;สร้างดาบ
MONSTER_HUNTER_DESCRIPTION;击杀一个敌对生物;Kill a hostile monster;敵対モブを倒す;적대적 몬스터 처치;Mata un monstruo hostil;Tuer un monstre hostile;Töte ein feindliches Monster;Убейте враждебного моба;एक शत्रुतापूर्ण राक्षस को मारो;Giết một quái vật thù địch;ฆ่าสัตว์ประหลาดที่เป็นศัตรู
SNIPER_DUEL_DESCRIPTION;从超过16格远的地方用弓箭杀死一个骷髅;Kill a skeleton with a bow from over 16 blocks;16ブロック以上離れて弓でスケルトンを倒す;16블록 이상 떨어진 곳에서 활로 스켈레톤 처치;Mata un esqueleto con un arco desde más de 16 bloques;Tuer un squelette avec un arc à plus de 16 blocs;Töte ein Skelett mit einem Bogen aus über 16 Blöcken Entfernung;Убейте скелета из лука с расстояния более 16 блоков;16 ब्लॉक से अधिक दूर से धनुष से कंकाल को मारो;Giết một bộ xương bằng cung từ khoảng cách hơn 16 khối;ฆ่าซอมบี้ด้วยธนูจากระยะเกิน 16 บล็อก
DIAMONDS!_DESCRIPTION;捡起一个钻石;Pick up a diamond;ダイヤモンドを入手;다이아몬드 획득;Recoge un diamante;Ramasser un diamant;Nimm einen Diamanten auf;Поднимите алмаз;एक हीरा उठाओ;Nhặt một viên kim cương;เก็บเพชร
IRON_BELLY_DESCRIPTION;在饥饿值为零时吃下一个腐肉;Eat rotten flesh with empty hunger value;空腹状態で腐った肉を食べる;허기치 0일 때 썩은 살점 먹기;Come carne podrida con la barra de hambre vacía;Manger de la chair putride avec une faim vide;Iss verfaultes Fleisch bei leerem Hungerwert;Съешьте гнилую плоть при нулевом уровне голода;खाली भूख पट्टी पर सड़ा हुआ मांस खाएं;Ăn thịt thối khi thanh đói trống;กินเนื้อเน่าเมื่อความหิวเป็นศูนย์
GOT_ACHIEVEMENT;获得了成就;got achievement;実績を獲得した;업적을 달성함;consiguió el logro;a obtenu le succès;hat Erfolg errungen;получил достижение;उपलब्धि प्राप्त की;đạt thành tựu;ได้รับความสำเร็จ
id;zh;en;jp;kr;es;fr;de;ru;hi;vn;th
RELEASE_NOTE_TEXT;FlatMC v0.2.0\n更新如下：\n1.新增多种方块类型（基岩、书架、红砖块等）\n2.新增矿物系统与挖掘等级限制\n3.新增作物生长机制（小麦、甘蔗等）\n4.新增昼夜循环与月相变化\n5.新增成就系统（12个成就）\n6.优化玩家操作与物品栏交互\n7.新增工具耐久度与攻击冷却系统\n8.新增生物掉落物与食物效果\n9.改进世界生成（沙漠地形、矿洞等）\n10.优化联机协议与存档系统;FlatMC v0.2.0\nUpdate as follows:\n1.Added multiple block types (Bedrock, Bookshelf, Brick Block, etc.)\n2.Added ore system and mining level restrictions\n3.Added crop growth mechanics (Wheat, Sugar Cane, etc.)\n4.Added day-night cycle and moon phases\n5.Added achievement system (12 achievements)\n6.Optimized player controls and inventory interaction\n7.Added tool durability and attack cooldown system\n8.Added mob drops and food effects\n9.Improved world generation (desert biomes, caves, etc.)\n10.Optimized multiplayer protocol and save system;FlatMC v0.2.0\n更新内容:\n1.複数のブロックタイプを追加（岩盤、本棚、レンガブロックなど）\n2.鉱石システムと採掘レベル制限を追加\n3.作物成長システムを追加（小麦、サトウキビなど）\n4.昼夜サイクルと月の満ち欠けを追加\n5.実績システムを追加（12種類）\n6.プレイヤー操作とインベントリ操作を最適化\n7.ツールの耐久力と攻撃クールダウンシステムを追加\n8.モブのドロップアイテムと食物効果を追加\n9.ワールド生成を改善（砂漠地形、洞窟など）\n10.マルチプレイプロトコルとセーブシステムを最適化;FlatMC v0.2.0\n업데이트 내용:\n1.다양한 블록 추가 (기반암, 책장, 벽돌 블록 등)\n2.광물 시스템과 채굴 레벨 제한 추가\n3.작물 성장 시스템 추가 (밀, 사탕수수 등)\n4.주야간 순환과 달의 위상 변화 추가\n5.업적 시스템 추가 (12개 업적)\n6.플레이어 조작과 인벤토리 상호작용 최적화\n7.도구 내구도와 공격 쿨다운 시스템 추가\n8.몹 드롭 아이템과 음식 효과 추가\n9.월드 생성 개선 (사막 지형, 동굴 등)\n10.멀티플레이 프로토콜과 저장 시스템 최적화;FlatMC v0.2.0\nActualizaciones:\n1.Añadidos múltiples tipos de bloques (bedrock, estanterías, bloques de ladrillo, etc.)\n2.Sistema de minerales y restricciones de nivel de minería\n3.Mecánica de crecimiento de cultivos (trigo, caña de azúcar, etc.)\n4.Ciclo día-noche y fases lunares\n5.Sistema de logros (12 logros)\n6.Optimización de controles e interacción de inventario\n7.Durabilidad de herramientas y sistema de enfriamiento de ataques\n8.Recompensas de criaturas y efectos de comida\n9.Mejora en generación de mundo (biomas desérticos, cuevas, etc.)\n10.Optimización de protocolo multijugador y sistema de guardado;FlatMC v0.2.0\nMises à jour :\n1.Ajout de nouveaux blocs (bedrock, bibliothèque, briques, etc.)\n2.Système de minerais et restrictions de niveau\n3.Mécanique de croissance des cultures (blé, canne à sucre, etc.)\n4.Cycle jour-nuit et phases de lune\n5.Système de succès (12 succès)\n6.Optimisation des contrôles et de l'inventaire\n7.Durabilité des outils et système de cooldown\n8.Butin des créatures et effets de nourriture\n9.Amélioration de la génération (déserts, grottes, etc.)\n10.Optimisation du multijoueur et des sauvegardes;FlatMC v0.2.0\nUpdates:\n1.Neue Blocktypen (Bedrock, Bücherregal, Ziegelsteine etc.)\n2.Erzsystem und Abbaustufen\n3.Pflanzenwachstum (Weizen, Zuckerrohr etc.)\n4.Tag-Nacht-Zyklus und Mondphasen\n5.Erfolgssystem (12 Erfolge)\n6.Steuerung und Inventar optimiert\n7.Werkzeug-Haltbarkeit und AngriffscoolDown\n8.Mob-Drops und Nahrungseffekte\n9.Weltgenerierung verbessert (Wüsten, Höhlen etc.)\n10.Multiplayer-Protokoll und Speichersystem optimiert;FlatMC v0.2.0\nОбновления:\n1.Новые блоки (бедрок, книжные полки, кирпичи и др.)\n2.Система руд и ограничения добычи\n3.Рост растений (пшеница, сахарный тростник)\n4.Смена дня и ночи, фазы луны\n5.Система достижений (12 шт.)\n6.Улучшено управление и инвентарь\n7.Прочность инструментов и система перезарядки\n8.Дроп существ и эффекты еды\n9.Улучшена генерация мира (пустыни, пещеры)\n10.Оптимизирован мультиплеер и сохранения;FlatMC v0.2.0\nअपडेट:\n1.नए ब्लॉक (बेडरॉक, बुकशेल्फ, ईंट आदि)\n2.अयस्क प्रणाली और खनन स्तर\n3.फसल विकास (गेहूं, गन्ना)\n4.दिन-रात चक्र और चंद्रमा चरण\n5.उपलब्धि प्रणाली (12 उपलब्धियाँ)\n6.नियंत्रण और इन्वेंटरी अनुकूलित\n7.उपकरण स्थायित्व और हमले की ठंडक\n8.मॉब ड्रॉप और भोजन प्रभाव\n9.दुनिया जनरेशन सुधार (रेगिस्तान, गुफाएँ)\n10.मल्टीप्लेयर और सेव प्रणाली अनुकूलित;FlatMC v0.2.0\nCập nhật:\n1.Thêm nhiều khối mới (bedrock, kệ sách, gạch...)\n2.Hệ thống quặng và giới hạn cấp độ đào\n3.Cơ chế cây trồng (lúa mì, mía...)\n4.Chu kỳ ngày đêm và mặt trăng\n5.Hệ thống thành tựu (12 cái)\n6.Tối ưu điều khiển nhân vật\n7.Độ bền công cụ và thời gian hồi chiêu\n8.Vật phẩm rơi và hiệu ứng thức ăn\n9.Cải thiện thế giới (sa mạc, hang động)\n10.Tối ưu hệ thống multiplayer và lưu game;FlatMC v0.2.0\nอัปเดต:\n1.เพิ่มบล็อกชนิดใหม่ (หินด่าน, ชั้นหนังสือ, อิฐ ฯลฯ)\n2.ระบบแร่และระดับการขุด\n3.ระบบการเติบโตของพืช (ข้าวสาลี อ้อย)\n4.วัฏจักรกลางวัน-กลางคืนและดวงจันทร์\n5.ระบบความสำเร็จ (12 รายการ)\n6.ปรับปรุงการควบคุมและระบบเก็บของ\n7.ความทนทานของเครื่องมือและระบบคูลดาวน์\n8.ของรางวัลจากศัตรูและผลอาหาร\n9.ปรับปรุงการสร้างโลก (ทะเลทราย ถ้ำ)\n10.ปรับปรุงระบบหลายผู้เล่นและการบันทึกเกม
HELP_TEXT;输入控制 :\n \n1.键盘\nW : 跳跃/向上飞（双击开启/关闭飞行模式）\nA : 向左走（双击向左跑）\nD : 向右走（双击向右跑）\nS : 向下飞（飞行模式下）\nE : 打开物品栏\nF：切换交互方块图层\nShift：潜行\nQ：丢弃物品\nM : 全屏化小地图\nF1 : 显示/隐藏GUI\nF2 : 截图\nF3 : 显示/隐藏坐标信息\nTab : 显示/隐藏在线玩家信息（需要开启服务器）\nT : 开启/关闭聊天框\nEsc : 暂停/关闭上一级UI\n1至9 : 切换1至9号快捷栏\n \n2. 鼠标\n左键 : 破坏方块/攻击\n右键 : 放置方块/使用方块/吃东西/拉弓\n中键 : 拾取方块\n滚轮 : 切换快捷栏\nctrl+滚轮 : 缩放小地图\n单击快捷栏 : 切换快捷栏\n \n3.移动端\n方向键：控制移动与跳跃\n双击左方向键 : 向左跑\n双击右方向键 : 向右跑\n双击上方向键 : 开启/关闭飞行模式\n双击跳跃键 : 开启/关闭飞行模式\n短按 : 放置单个方块\n长按 : 持续破坏方块\n双击 : 拾取方块\n双击拖动 : 持续放置方块\n滑动快捷栏 : 切换快捷栏\n更多快捷栏 : 打开物品栏\nF1 : 显示/隐藏GUI\nF2 : 截图\nF3 : 显示/隐藏坐标信息\nTab : 显示/隐藏在线玩家信息（需要开启服务器）\n聊天按钮 : 开启/关闭聊天框\n暂停按钮 : 暂停/关闭上一级UI\n右上角小地图 : 按住不放全屏化小地图\n \n现有指令 :\n \n1./help 查看指令列表\n2./tp <x坐标> <y坐标> : 传送至对应坐标\n3./gamemode <模式> : 改变游戏模式\n \n联机手册 :\n \n1.局域网联机\n(1) 在服务器设备上，单人模式下选择进入一个世界\n(2) 暂停游戏，点击对局域网开放\n(3) 在其他设备上，同一局域网的情况下，游戏会自动探测服务器，点击加入即可\n \n2.服务器联机\n(1) 添加服务器 : 输入正确的ip和端口\n(2) 保存后会显示服务器连接信息\n(3) 若服务器正确点击加入即可\n \nQ&A :\nQ : 移动端和主机端联机互通吗？\nA : 互通的，只要服务器地址输入正确即可联机游玩\n \nQ : 游戏存档文件夹在哪？\nA : 一般情况下，windows系统中在C:/Users/用户名/AppData/Roaming/Godot中，安卓系统在Android/data/org.godotengine.godot中，世界存档在worlds文件夹下，若需存档转移请将存档放在该文件夹下\n \nQ : 游戏中途退出会自动保存吗？\nA : 一般情况下，如果是主机端会自动保存，但不排除强制退出的情况会丢失数据，最好从暂停菜单保存并退出。安卓端直接退出会丢失数据\n \nQ : 无限世界存档会越玩越大吗？\nA : 会，世界会以区块的形式加载存储，走过的区块越多存档越大\n \nQ : 我可以宣传本游戏吗？\nA : 可以，但必须在宣传时注明作者名称和游戏官方下载方式，不允许私下贩卖传播;"Input Controls:\n \n1. Keyboard\nW : Jump/Fly Up (Double-tap to enable/disable flight mode)\nA : Move Left (Double-tap to run left)\nD : Move Right (Double-tap to run right)\nS : Fly Down (in flight mode)\nE : Open inventory\nF: Switch interactive block layer\nShift: Sneak\nQ: Discard items\nM : Maximize/minimize minimap\nF1 : Show/Hide GUI\nF2 : Screenshot\nF3 : Show/Hide coordinate info\nTab : Show/Hide online player info (requires server enabled)\nT : Open/Close chat box\nEsc : Pause/Close previous UI\n1-9 : Switch to item slots 1 through 9\n \n2. Mouse\nLeft Click : Destroy block/Attack\nRight Click : Place block/Use block/Eat/Pull a bow\nMiddle Click : Pick block\nScroll Wheel : Switch item slots\nCtrl+Wheel : Zoom mini-map\nClick on Item Slot : Switch item slots\n \n3. Mobile\nDirectional Buttons: Control movement and jump\nDouble-tap Left Button : Run left\nDouble-tap Right Button : Run right\nDouble-tap Up Button : Enable/disable flight mode\nDouble-tap Jump Button : Enable/disable flight mode\nShort Press : Place a single block\nLong Press : Continuously destroy blocks\nDouble-tap : Pick block\nDouble-tap and Drag : Continuously place blocks\nSwipe Item Slots : Switch item slots\nF1 : Show/Hide GUI\nF2 : Screenshot\nF3 : Show/Hide coordinate info\nTab : Show/Hide online player info (requires server enabled)\nChat Button : Open/Close chat box\nPause Button : Pause/Close previous UI\nTop Right Minimap : Press and hold to maximize minimap\n \nAvailable Commands:\n \n1. /help : Display command list\n2. /tp <x-coordinate> <y-coordinate> : Teleport to specified coordinates\n3. /gamemode <mode> : change gamemode\n \nMultiplayer Guide:\n \n1. LAN Multiplayer\n(1) On the host device, select single-player mode and enter a world\n(2) Pause the game, and click to open to LAN\n(3) On other devices within the same network, the server should automatically be detected, click to join\n \n2. Server Multiplayer\n(1) Add server: Enter the correct IP and port\n(2) After saving, server connection info will be displayed\n(3) If the server is correct, click to join\n \nQ&A:\nQ : Is cross-play possible between mobile and console?\nA : Yes, cross-play is possible as long as the correct server address is entered\n \nQ : Where is the game save folder located?\nA : Typically, on Windows, it's in C:/Users/Username/AppData/Roaming/Godot, and on Android, it's in Android/data/org.godotengine.godot, world saves are in the ""worlds"" folder. To transfer saves, place the files in this folder\n \nQ : Does the game auto-save on exit?\nA : Generally, the host device auto-saves, but forced exits may result in data loss, it's best to save and exit from the pause menu. Exiting on Android will lose data\n \nQ : Does an infinite world save grow larger over time?\nA : Yes, the world is stored in chunks, so the more chunks explored, the larger the save\n \nQ : Can I promote this game?\nA : Yes, but you must credit the author and include the official game download link. Selling or distributing privately is not permitted";操作説明:\n \n1. キーボード\nW : ジャンプ/上昇（ダブルタップで飛行モード切り替え）\nA : 左移動（ダブルタップで左ダッシュ）\nD : 右移動（ダブルタップで右ダッシュ）\nS : 下降（飛行モード時）\nE : インベントリを開く\nF：ブロックレイヤー切替\nShift：スニーク\nQ：アイテムを捨てる\nM : ミニマップ最大化\nF1 : GUI表示/非表示\nF2 : スクリーンショット\nF3 : 座標情報表示/非表示\nTab : オンラインプレイヤー情報表示/非表示（サーバー要）\nT : チャットボックス開閉\nEsc : 一時停止/UIを閉じる\n1-9 : 1-9番ホットバー切替\n \n2. マウス\n左クリック : ブロック破壊/攻撃\n右クリック : ブロック設置/使用/食事/弓を引く\n中クリック : ブロック取得\nホイール : ホットバー切替\nCtrl+ホイール : ミニマップ拡大縮小\nホットバークリック : スロット切替\n \n3. モバイル\n方向ボタン: 移動とジャンプ\n左ボタンダブルタップ : 左ダッシュ\n右ボタンダブルタップ : 右ダッシュ\n上ボタンダブルタップ : 飛行モード切替\nジャンプボタンダブルタップ : 飛行モード切替\n短押し : ブロック1個設置\n長押し : 連続破壊\nダブルタップ : ブロック取得\nダブルタップ+ドラッグ : 連続設置\nホットバースワイプ : スロット切替\nF1 : GUI表示/非表示\nF2 : スクリーンショット\nF3 : 座標表示/非表示\nTab : オンラインプレイヤー表示（サーバー要）\nチャットボタン : チャット開閉\n一時停止ボタン : ポーズ/UIを閉じる\n右上ミニマップ : 長押しで最大化\n \n利用可能コマンド:\n \n1. /help : コマンド一覧表示\n2. /tp <x座標> <y座標> : 指定座標へテレポート\n3. /gamemode <モード> : ゲームモード変更\n \nマルチプレイガイド:\n \n1. LAN接続\n(1) ホストでシングルプレイワールドに入る\n(2) 一時停止メニューから「LANに公開」\n(3) 同一LAN内の端末で自動検出、参加可能\n \n2. サーバー接続\n(1) サーバー追加: IPとポート入力\n(2) 保存後、接続情報が表示\n(3) 正しければ参加可能\n \nQ&A:\nQ : モバイルとコンソールでクロスプレイ可能？\nA : サーバーアドレスが正しければ可能\n \nQ : セーブデータの場所は？\nA : WindowsはC:/Users/ユーザー名/AppData/Roaming/Godot、AndroidはAndroid/data/org.godotengine.godot内のworldsフォルダ\n \nQ : 終了時自動保存される？\nA : ホストは自動保存されるが、強制終了はデータ損失の可能性。Androidは直接終了でデータ消失\n \nQ : 無限ワールドは進行とともに肥大化？\nA : チャンク単位で保存されるため、探索範囲が広がるとセーブデータも増大\n \nQ : ゲームを宣伝しても良い？\nA : 作者クレジットと公式DLリンクの明記必須。販売や無断配布は禁止;"조작 방법:\n \n1. 키보드\nW : 점프/상승 (더블탭으로 비행 모드 전환)\nA : 좌측 이동 (더블탭으로 좌측 달리기)\nD : 우측 이동 (더블탭으로 우측 달리기)\nS : 하강 (비행 모드 시)\nE : 인벤토리 열기\nF : 블록 레이어 전환\nShift : 숨기\nQ : 아이템 버리기\nM : 미니맵 전체화면\nF1 : GUI 표시/숨기기\nF2 : 스크린샷\nF3 : 좌표 정보 표시\nTab : 온라인 플레이어 정보 (서버 필요)\nT : 채팅창 열기\nEsc : 일시정지/UI 닫기\n1-9 : 1-9번 퀵슬롯 전환\n \n2. 마우스\n좌클릭 : 블록 파괴/공격\n우클릭 : 블록 설치/사용/음식 섭취/활 당기기\n휠클릭 : 블록 획득\n휠 : 퀵슬롯 전환\nCtrl+휠 : 미니맵 확대/축소\n퀵슬롯 클릭 : 슬롯 전환\n \n3. 모바일\n방향 버튼: 이동 및 점프\n좌측 버튼 더블탭 : 좌측 달리기\n우측 버튼 더블탭 : 우측 달리기\n상승 버튼 더블탭 : 비행 모드 전환\n점프 버튼 더블탭 : 비행 모드 전환\n짧게 누름 : 블록 1개 설치\n길게 누름 : 연속 파괴\n더블탭 : 블록 획득\n더블탭+드래그 : 연속 설치\n퀵슬롯 스와이프 : 슬롯 전환\nF1 : GUI 표시/숨기기\nF2 : 스크린샷\nF3 : 좌표 표시\nTab : 온라인 플레이어 표시 (서버 필요)\n채팅 버튼 : 채팅창 열기\n일시정지 버튼 : 정지/UI 닫기\n우상단 미니맵 : 길게 눌러 전체화면\n \n사용 가능 명령어:\n \n1. /help : 명령어 목록 표시\n2. /tp <x좌표> <y좌표> : 해당 좌표로 이동\n3. /gamemode <모드> : 게임 모드 변경\n \n멀티플레이 가이드:\n \n1. LAN 연결\n(1) 호스트에서 싱글플레이 월드 입장\n(2) 일시정지 메뉴에서 ""LAN 오픈""\n(3) 동일 LAN 내 기기에서 자동 검출, 참가 가능\n \n2. 서버 연결\n(1) 서버 추가: IP와 포트 입력\n(2) 저장 후 연결 정보 표시\n(3) 정확하면 참가 가능\n \nQ&A:\nQ : 모바일과 콘솔 크로스플레이 가능?\nA : 서버 주소가 정확하면 가능\n \nQ : 세이브 파일 위치는?\nA : Windows는 C:/Users/사용자명/AppData/Roaming/Godot, Android는 Android/data/org.godotengine.godot 내 worlds 폴더\n \nQ : 종료 시 자동 저장되나요?\nA : 호스트는 자동 저장되지만 강제 종료 시 데이터 손실 가능. Android는 직접 종료 시 데이터 손실\n \nQ : 무한 월드는 진행할수록 커지나요?\nA : 청크 단위 저장으로 탐험 범위가 넓어질수록 세이브 파일 증가\n \nQ : 게임 홍보해도 되나요?\nA : 저자 표기와 공식 다운로드 링크 필수. 판매나 무단 유포 금지";"Controles:\n \n1. Teclado\nW : Saltar/Volar arriba (Doble toque para modo vuelo)\nA : Izquierda (Doble toque para correr)\nD : Derecha (Doble toque para correr)\nS : Volar abajo (en modo vuelo)\nE : Inventario\nF: Cambiar capa de bloques\nShift: Agacharse\nQ: Tirar objetos\nM : Minimapa pantalla completa\nF1 : Mostrar/Ocultar interfaz\nF2 : Captura\nF3 : Mostrar/Ocultar coordenadas\nTab : Mostrar/Ocultar jugadores (requiere servidor)\nT : Chat\nEsc : Pausa/Cerrar menú\n1-9 : Cambiar slots\n \n2. Ratón\nClic izquierdo : Romper bloques/Atacar\nClic derecho : Colocar bloques/Usar/Comer\nClic medio : Tomar bloque\nRueda : Cambiar slots\nCtrl+Rueda : Zoom minimapa\nClic en slot : Seleccionar\n \n3. Móvil\nBotones direccionales: Movimiento y salto\nDoble toque izquierdo : Correr izquierda\nDoble toque derecho : Correr derecha\nDoble toque arriba : Modo vuelo\nDoble toque salto : Modo vuelo\nToque corto : Colocar bloque\nToque largo : Romper continuo\nDoble toque : Tomar bloque\nArrastrar : Colocar continuo\nDeslizar slots : Cambiar\nF1 : Mostrar/Ocultar interfaz\nF2 : Captura\nF3 : Mostrar/Ocultar coordenadas\nTab : Mostrar jugadores (servidor)\nBotón chat : Abrir/Cerrar chat\nBotón pausa : Pausa/Menú\nMinimapa : Mantener para pantalla completa\n \nComandos:\n \n1. /help : Lista de comandos\n2. /tp <x> <y> : Teletransporte\n3. /gamemode <modo> : Cambiar modo\n \nMultijugador:\n \n1. LAN\n(1) En el host, entrar a un mundo\n(2) Pausar y ""Abrir a LAN""\n(3) Otros dispositivos detectarán automáticamente\n \n2. Servidor\n(1) Añadir servidor: IP y puerto\n(2) Guardar y ver información\n(3) Unirse si es correcto\n \nPreguntas:\nP : ¿Hay cross-play móvil/consola?\nR : Sí, con la dirección correcta\n \nP : ¿Dónde están los guardados?\nR : Windows: C:/Users/Usuario/AppData/Roaming/Godot\nAndroid: Android/data/org.godotengine.godot/worlds\n \nP : ¿Se guarda al salir?\nR : El host guarda automático, pero cerrar forzado puede perder datos. Android pierde datos al salir\n \nP : ¿Los mundos infinitos crecen?\nR : Sí, se guardan por chunks\n \nP : ¿Puedo promocionar el juego?\nR : Sí, con créditos y enlace oficial. Prohibida venta";"Contrôles:\n \n1. Clavier\nW : Sauter/Voler (Double-touche pour vol)\nA : Gauche (Double-touche pour courir)\nD : Droite (Double-touche pour courir)\nS : Descendre (en vol)\nE : Inventaire\nF: Couche de blocs\nShift: S'accroupir\nQ: Jeter objet\nM : Plein écran minimap\nF1 : Afficher/Cacher GUI\nF2 : Capture\nF3 : Coordonnées\nTab : Joueurs en ligne (serveur)\nT : Chat\nEsc : Pause/Menu\n1-9 : Slots\n \n2. Souris\nClic gauche : Casser/Attaquer\nClic droit : Placer/Utiliser/Manger\nMolette : Prendre bloc\nRoulette : Changer slots\nCtrl+Roulette : Zoom minimap\nClic slot : Sélectionner\n \n3. Mobile\nBoutons directionnels: Mouvement\nDouble-touche gauche : Courir\nDouble-touche droite : Courir\nDouble-touche haut : Vol\nDouble-touche saut : Vol\nAppui court : Placer bloc\nAppui long : Casser\nDouble-touche : Prendre\nGlisser : Placer continu\nGlisser slots : Changer\nF1 : Afficher/Cacher GUI\nF2 : Capture\nF3 : Coordonnées\nTab : Joueurs (serveur)\nBouton chat : Chat\nBouton pause : Pause\nMinimap : Maintenir pour plein écran\n \nCommandes:\n \n1. /help : Liste\n2. /tp <x> <y> : Téléportation\n3. /gamemode <mode> : Changer mode\n \nMultijoueur:\n \n1. LAN\n(1) Hôte: monde solo\n(2) Pause → ""Ouvrir LAN""\n(3) Autres appareils détectent\n \n2. Serveur\n(1) Ajouter: IP/port\n(2) Sauvegarder\n(3) Rejoindre\n \nFAQ:\nQ : Cross-play mobile/console?\nR : Oui, avec bonne adresse\n \nQ : Dossier sauvegardes?\nR : Windows: C:/Users/Nom/AppData/Roaming/Godot\nAndroid: Android/data/org.godotengine.godot/worlds\n \nQ : Sauvegarde auto?\nR : Hôte sauvegarde, mais fermeture forcée peut perdre données. Mobile perd données\n \nQ : Mondes infinis grossissent?\nR : Oui, chunks sauvegardés\n \nQ : Promouvoir le jeu?\nR : Oui, avec crédits et lien officiel. Vente interdite";"Steuerung:\n \n1. Tastatur\nW : Springen/Fliegen (Doppelt für Flugmodus)\nA : Links (Doppelt für Sprint)\nD : Rechts (Doppelt für Sprint)\nS : Sinken (Flugmodus)\nE : Inventar\nF: Blockebene wechseln\nShift: Schleichen\nQ: Gegenstand werfen\nM : Minimap Vollbild\nF1 : GUI an/aus\nF2 : Screenshot\nF3 : Koordinaten\nTab : Spielerliste (Server)\nT : Chat\nEsc : Pause/Menü\n1-9 : Hotbar\n \n2. Maus\nLinks : Abbauen/Angreifen\nRechts : Platzieren/Nutzen/Essen\nMitte : Block aufnehmen\nRad : Hotbar\nStrg+Rad : Zoom Minimap\nHotbar-Klick : Auswählen\n \n3. Mobil\nSteuerkreuz: Bewegung\nDoppelt links : Sprint\nDoppelt rechts : Sprint\nDoppelt oben : Flugmodus\nDoppelt Springen : Flugmodus\nKurz : Block platzieren\nLang : Abbauen\nDoppelt : Block aufnehmen\nZiehen : Platzieren\nWischen : Hotbar\nF1 : GUI an/aus\nF2 : Screenshot\nF3 : Koordinaten\nTab : Spieler (Server)\nChat-Taste : Chat\nPause-Taste : Pause\nMinimap : Halten für Vollbild\n \nBefehle:\n \n1. /help : Befehlsliste\n2. /tp <x> <y> : Teleport\n3. /gamemode <Modus> : Modus ändern\n \nMultiplayer:\n \n1. LAN\n(1) Host: Einzelspielerwelt\n(2) Pause → ""LAN öffnen""\n(3) Andere Geräte erkennen\n \n2. Server\n(1) Server: IP/Port\n(2) Speichern\n(3) Beitreten\n \nFAQ:\nF : Cross-Play mobil/Konsole?\nA : Ja, mit richtiger Adresse\n \nF : Speicherort?\nA : Windows: C:/Users/Benutzer/AppData/Roaming/Godot\nAndroid: Android/data/org.godotengine.godot/worlds\n \nF : Autosave?\nA : Host speichert, aber Absturz kann Daten verlieren. Mobil verliert Daten\n \nF : Unendliche Welten wachsen?\nA : Ja, Chunks werden gespeichert\n \nF : Spiel bewerben?\nA : Ja, mit Credits und offiziellem Link. Verkauf verboten";"Управление:\n \n1. Клавиатура\nW : Прыжок/Вверх (Двойное нажатие - полёт)\nA : Влево (Двойное - бег)\nD : Вправо (Двойное - бег)\nS : Вниз (в полёте)\nE : Инвентарь\nF: Слои блоков\nShift: Красться\nQ: Выбросить\nM : Полный экран миникарты\nF1 : Интерфейс\nF2 : Скриншот\nF3 : Координаты\nTab : Игроки (сервер)\nT : Чат\nEsc : Пауза/Меню\n1-9 : Слоты\n \n2. Мышь\nЛКМ : Ломать/Атаковать\nПКМ : Ставить/Использовать/Есть\nКолёсико : Взять блок\nПрокрутка : Слоты\nCtrl+Колесо : Зум карты\nКлик по слоту : Выбрать\n \n3. Мобильные\nДжойстик: Движение\nДвойное влево : Бег\nДвойное вправо : Бег\nДвойное вверх : Полёт\nДвойное прыжок : Полёт\nКороткое : Поставить блок\nДолгое : Ломать\nДвойное : Взять блок\nПеретаскивание : Ставить\nСвайп : Слоты\nF1 : Интерфейс\nF2 : Скриншот\nF3 : Координаты\nTab : Игроки (сервер)\nКнопка чата : Чат\nПауза : Меню\nМиникарта : Удержать для полноэкранного\n \nКоманды:\n \n1. /help : Список\n2. /tp <x> <y> : Телепорт\n3. /gamemode <режим> : Сменить режим\n \nМультиплеер:\n \n1. Локальная сеть\n(1) Хост: одиночный мир\n(2) Пауза → ""Открыть LAN""\n(3) Другие устройства обнаружат\n \n2. Сервер\n(1) Добавить: IP/порт\n(2) Сохранить\n(3) Присоединиться\n \nВопросы:\nВ : Кросс-платформа мобильные/консоль?\nО : Да, с правильным адресом\n \nВ : Папка сохранений?\nО : Windows: C:/Users/Имя/AppData/Roaming/Godot\nAndroid: Android/data/org.godotengine.godot/worlds\n \nВ : Автосохранение?\nО : Хост сохраняет, но сбой может потерять данные. На Android данные теряются\n \nВ : Бесконечные миры растут?\nО : Да, чанки сохраняются\n \nВ : Рекламировать игру?\nО : Да, с указанием автора и ссылки. Продажа запрещена";"नियंत्रण:\n \n1. कीबोर्ड\nW : कूदो/उड़ान (डबल टैप से उड़ान मोड)\nA : बाएं (डबल टैप से दौड़)\nD : दाएं (डबल टैप से दौड़)\nS : नीचे उड़ान (उड़ान मोड में)\nE : इन्वेंटरी\nF: ब्लॉक लेयर बदलो\nShift: चुपके\nQ: आइटम फेंको\nM : मिनीमैप पूर्ण स्क्रीन\nF1 : GUI दिखाओ/छुपाओ\nF2 : स्क्रीनशॉट\nF3 : कोऑर्डिनेट्स\nTab : ऑनलाइन खिलाड़ी (सर्वर चाहिए)\nT : चैट\nEsc : पॉज/मेनू\n1-9 : हॉटबार\n \n2. माउस\nबाएं क्लिक : तोड़ो/हमला\nदाएं क्लिक : रखो/उपयोग करो/खाओ\nमिडिल क्लिक : ब्लॉक उठाओ\nस्क्रॉल : हॉटबार बदलो\nCtrl+स्क्रॉल : मिनीमैप ज़ूम\nहॉटबार क्लिक : चुनें\n \n3. मोबाइल\nडायरेक्शन बटन: हलचल\nडबल टैप बाएं : बाएं दौड़ो\nडबल टैप दाएं : दाएं दौड़ो\nडबल टैप ऊपर : उड़ान मोड\nडबल टैप कूदो : उड़ान मोड\nछोटा दबाओ : ब्लॉक रखो\nलंबा दबाओ : तोड़ते रहो\nडबल टैप : ब्लॉक उठाओ\nड्रैग : रखते रहो\nस्वाइप : हॉटबार बदलो\nF1 : GUI दिखाओ/छुपाओ\nF2 : स्क्रीनशॉट\nF3 : कोऑर्डिनेट्स\nTab : खिलाड़ी (सर्वर)\nचैट बटन : चैट\nपॉज बटन : पॉज/मेनू\nमिनीमैप : दबाकर पूर्ण स्क्रीन\n \nकमांड:\n \n1. /help : कमांड सूची\n2. /tp <x> <y> : टेलीपोर्ट\n3. /gamemode <मोड> : मोड बदलो\n \nमल्टीप्लेयर:\n \n1. LAN\n(1) होस्ट: सिंगल प्लेयर दुनिया\n(2) पॉज → ""LAN खोलो""\n(3) अन्य डिवाइस जुड़ें\n \n2. सर्वर\n(1) जोड़ें: IP और पोर्ट\n(2) सेव करें\n(3) जुड़ें\n \nसवाल:\nस : क्या मोबाइल-कंसोल क्रॉस-प्ले है?\nज : हां, सही सर्वर एड्रेस से\n \nस : सेव फोल्डर कहां?\nज : Windows: C:/Users/यूजर/AppData/Roaming/Godot\nAndroid: Android/data/org.godotengine.godot/worlds\n \nस : ऑटो सेव होता है?\nज : होस्ट पर हां, लेकिन फोर्स क्लोज से डेटा लॉस। Android पर डेटा लॉस\n \nस : अनंत दुनिया बढ़ती है?\nज : हां, चंक्स सेव होते हैं\n \nस : क्या गेम प्रमोट कर सकते हैं?\nज : हां, लेकिन क्रेडिट और ऑफिशियल लिंक दें। बेचना मना है";"Điều khiển:\n \n1. Bàn phím\nW : Nhảy/Bay lên (Nhấn 2 lần bật bay)\nA : Trái (Nhấn 2 lần chạy)\nD : Phải (Nhấn 2 lần chạy)\nS : Bay xuống (chế độ bay)\nE : Mở kho đồ\nF: Đổi lớp khối\nShift: Sneak\nQ: Vứt đồ\nM : Bản đồ toàn màn hình\nF1 : Hiện/Ẩn GUI\nF2 : Chụp màn hình\nF3 : Tọa độ\nTab : Người chơi (cần máy chủ)\nT : Chat\nEsc : Tạm dừng/Thoát UI\n1-9 : Thanh nhanh\n \n2. Chuột\nTrái : Phá/Tấn công\nPhải : Đặt/Dùng/Ăn\nGiữa : Lấy khối\nCuộn : Đổi thanh nhanh\nCtrl+Cuộn : Phóng to bản đồ\nNhấn thanh nhanh : Chọn\n \n3. Di động\nNút điều hướng: Di chuyển\nNhấn 2 lần trái : Chạy trái\nNhấn 2 lần phải : Chạy phải\nNhấn 2 lần lên : Bật bay\nNhấn 2 lần nhảy : Bật bay\nNhấn ngắn : Đặt khối\nNhấn dài : Phá liên tục\nNhấn 2 lần : Lấy khối\nKéo : Đặt liên tục\nVuốt : Đổi thanh nhanh\nF1 : Hiện/Ẩn GUI\nF2 : Chụp màn hình\nF3 : Tọa độ\nTab : Người chơi (máy chủ)\nNút chat : Mở chat\nNút tạm dừng : Tạm dừng\nBản đồ : Giữ để phóng to\n \nLệnh:\n \n1. /help : Danh sách lệnh\n2. /tp <x> <y> : Dịch chuyển\n3. /gamemode <chế độ> : Đổi chế độ\n \nMultiplayer:\n \n1. Mạng LAN\n(1) Máy chủ: Vào thế giới\n(2) Tạm dừng → ""Mở LAN""\n(3) Thiết bị khác tự động thấy\n \n2. Máy chủ\n(1) Thêm: IP và cổng\n(2) Lưu\n(3) Tham gia\n \nHỏi đáp:\nH : Chơi chung mobile/console?\nĐ : Có, nếu đúng địa chỉ máy chủ\n \nH : Thư mục lưu?\nĐ : Windows: C:/Users/Tên/AppData/Roaming/Godot\nAndroid: Android/data/org.godotengine.godot/worlds\n \nH : Tự động lưu?\nĐ : Máy chủ tự lưu, nhưng tắt đột ngột mất dữ liệu. Android mất dữ liệu\n \nH : Thế giới vô hạn lớn dần?\nĐ : Có, lưu theo chunk\n \nH : Có quảng bá game?\nĐ : Có, nhưng phải ghi tác giả và link tải. Cấm bán";"การควบคุม:\n \n1. คีย์บอร์ด\nW : กระโดด/บินขึ้น (ดับเบิลแทปเปิดโหมดบิน)\nA : ซ้าย (ดับเบิลแทปวิ่ง)\nD : ขวา (ดับเบิลแทปวิ่ง)\nS : บินลง (โหมดบิน)\nE : เปิดกระเป๋า\nF: เปลี่ยนเลเยอร์บล็อก\nShift: คลาน\nQ: ทิ้งไอเทม\nM : ขยายมินิแมป\nF1 : เปิด/ปิด GUI\nF2 : สกรีนช็อต\nF3 : เปิด/ปิดพิกัด\nTab : ข้อมูลผู้เล่น (ต้องเซิร์ฟเวอร์)\nT : แชท\nEsc : พัก/ปิด UI\n1-9 : สล็อต\n \n2. เมาส์\nคลิกซ้าย : ทำลาย/โจมตี\nคลิกขวา : วาง/ใช้/กิน\nคลิกกลาง : รับบล็อก\nลูเล็ต : เปลี่ยนสล็อต\nCtrl+ลูเล็ต : ซูมมินิแมป\nคลิกสล็อต : เลือก\n \n3. มือถือ\nปุ่มทิศทาง: เคลื่อนที่\nดับเบิลแทปซ้าย : วิ่งซ้าย\nดับเบิลแทปขวา : วิ่งขวา\nดับเบิลแทปขึ้น : เปิดโหมดบิน\nดับเบิลแทปกระโดด : เปิดโหมดบิน\nกดสั้น : วางบล็อก\nกดยาว : ทำลายต่อเนื่อง\nดับเบิลแทป : รับบล็อก\nลาก : วางต่อเนื่อง\nสไลด์ : เปลี่ยนสล็อต\nF1 : เปิด/ปิด GUI\nF2 : สกรีนช็อต\nF3 : เปิด/ปิดพิกัด\nTab : ผู้เล่น (เซิร์ฟเวอร์)\nปุ่มแชท : เปิดแชท\nปุ่มพัก : พัก/ปิด UI\nมินิแมป : กดค้างขยาย\n \nคำสั่ง:\n \n1. /help : รายการคำสั่ง\n2. /tp <x> <y> : เทเลพอร์ต\n3. /gamemode <โหมด> : เปลี่ยนโหมด\n \nมัลติเพลเยอร์:\n \n1. LAN\n(1) โฮสต์: เข้าโลก\n(2) พัก → ""เปิด LAN""\n(3) อุปกรณ์อื่นเห็นอัตโนมัติ\n \n2. เซิร์ฟเวอร์\n(1) เพิ่ม: IP และพอร์ต\n(2) บันทึก\n(3) เข้าร่วม\n \nถามตอบ:\nถาม : โครสเพลย์มือถือ/คอนโซลได้ไหม?\nตอบ : ได้ ถ้าใส่ที่อยู่เซิร์ฟเวอร์ถูก\n \nถาม : โฟลเดอร์เซฟอยู่ไหน?\nตอบ : Windows: C:/Users/ชื่อ/AppData/Roaming/Godot\nAndroid: Android/data/org.godotengine.godot/worlds\n \nถาม : เซฟอัตโนมัติไหม?\nตอบ : โฮสต์เซฟอัตโนมัติ แต่ปิดกระทันหันอาจเสียข้อมูล มือถือเสียข้อมูล\n \nถาม : โลกอนันต์ใหญ่ขึ้นไหม?\nตอบ : ใช่ เซฟเป็นชังก์\n \nถาม : โปรโมทเกมได้ไหม?\nตอบ : ได้ แต่ต้องให้เครดิตและลิงก์ดาวน์โหลด ห้ามขาย"
